row_index,cluster,x,y
7,7,-29.593262,18.107145
14,3,-6.4719014,6.2166524
17,7,-9.617727,7.680857
22,7,-21.670572,0.7851809
23,3,-3.9024808,7.357886
24,5,-28.88618,-2.6959784
32,5,-31.803764,-8.294955
43,7,-18.021532,-6.5185237
46,5,40.298008,-10.79461
57,5,-29.982141,7.9770126
62,7,-11.827043,24.433239
66,3,-23.644728,36.73582
68,7,-33.87446,13.829232
69,7,-17.04815,-2.0643125
73,7,-21.994833,-7.827591
74,5,-18.654526,-22.983353
82,7,-36.4323,18.989851
83,3,-2.045352,4.907934
88,7,-31.034544,9.601996
101,7,-26.141243,9.500452
104,7,-19.403238,34.39316
108,5,-39.57441,-3.8459065
109,7,-23.486967,21.86898
117,7,-21.289248,21.581745
120,7,-16.201864,4.5982256
122,5,-28.960997,-3.7463462
127,7,-17.48068,3.954695
128,7,-13.604285,3.5642946
134,7,-17.49922,-3.9692016
145,5,-47.354557,-2.1030312
156,7,-27.145685,1.9211649
161,5,-34.81639,4.050877
179,7,-16.457071,5.907308
184,5,-23.176178,29.920858
188,5,-42.406403,3.6998632
208,7,-25.720232,-4.611491
218,7,-11.871549,24.049866
220,7,-7.9131494,-3.0048614
222,7,-14.224661,-3.1159358
227,7,-23.183119,5.463323
239,7,12.156031,-42.094193
260,5,-30.926523,2.816093
262,5,-33.249928,-6.600737
275,7,-20.518307,-3.3180535
276,7,-18.594858,-3.1570935
278,7,-0.72727716,9.630033
281,7,-11.761677,-3.086146
290,5,-35.62119,-8.98448
299,5,-36.702602,-0.113273814
309,7,-18.545212,0.66286343
320,5,-27.922932,-16.648855
323,7,-19.443567,9.200669
327,5,-41.68479,-11.274582
328,5,-24.81496,-14.052247
331,7,12.66007,-42.837917
338,7,-9.217462,10.812799
341,5,-29.98029,-8.787655
347,7,-19.732674,3.5734985
356,7,-7.143373,1.8311352
360,7,-9.239968,4.2160916
361,7,-12.070161,-9.709657
362,7,-22.304064,19.407824
363,7,-11.714379,19.290993
365,7,-11.683115,19.27538
367,5,-40.73422,5.512526
369,7,-18.971664,1.7530465
388,7,-5.516132,13.419008
392,7,-28.81335,23.321476
413,3,-23.611336,37.276665
420,7,-21.440313,-3.1579874
425,7,-13.281913,0.1415645
426,5,-41.682632,-2.6596768
428,5,-30.86066,-2.960014
432,7,-22.063444,-9.351908
437,5,-27.793535,-9.157368
439,5,-39.618347,-3.2319286
442,5,-28.336195,14.3095255
455,7,-17.109703,21.234217
464,7,-36.724026,17.688915
478,5,-25.58516,-7.8188047
479,7,12.223024,-42.158497
491,5,-42.253506,5.3070245
495,5,-24.344627,7.322374
501,5,-38.736916,-0.28903243
506,7,-1.4910179,22.379614
518,3,-8.27972,-3.96251
524,7,-14.542525,22.838545
535,5,-35.20436,-2.2462275
536,5,-35.45755,-1.9556696
537,5,-29.19813,15.01383
542,5,-28.318285,-7.039335
543,5,-39.720016,-6.3565125
545,5,-32.834835,-11.495128
547,7,-12.467997,4.1353683
551,5,12.399443,-43.561623
552,7,-27.56823,-4.9452662
565,7,-13.744423,-4.7207623
589,7,-27.28252,5.131097
595,7,-16.919445,17.5027
597,5,-34.113476,8.36962
599,5,-43.119053,-10.7994
600,5,-38.58963,3.249749
601,7,-20.783295,1.5426799
602,7,-16.337326,3.8921812
607,7,-20.618958,15.454384
610,7,-10.506829,-4.311928
613,5,-27.665361,3.7548792
617,7,-15.9354105,-2.9357321
627,5,-38.790974,5.4718122
643,7,-22.240334,6.753949
645,7,-22.301348,6.8154488
648,7,-19.863434,1.5728447
658,7,-29.652885,0.57414037
659,7,-21.496096,6.1888976
666,3,-23.689459,37.25825
668,7,-24.796537,17.198326
674,5,-43.77961,3.722459
676,5,-44.370377,6.605291
689,7,-11.985799,2.0101268
690,7,-9.26953,0.71879613
694,7,-11.780047,2.1991835
702,7,-28.293926,9.116555
706,7,-7.3904037,-0.23542182
707,3,-6.4012637,1.9569056
708,7,-27.485004,0.32690126
709,7,-23.526636,0.8880494
721,7,-15.63401,6.281272
724,7,-9.52765,3.03123
727,7,-9.488107,2.7046874
729,7,-26.236292,17.676626
745,3,-12.675702,-10.855038
749,5,-34.213432,-4.48556
751,7,-28.349493,8.218749
762,5,-45.523544,-10.377997
763,3,-22.981627,37.942318
771,7,-17.194633,14.268525
782,7,-19.456947,14.957038
787,7,-14.730331,10.551041
790,5,-32.81363,-11.784323
795,7,-19.55328,-1.0036671
805,7,-19.968058,24.593725
810,7,-15.531024,1.5711263
814,5,-32.518845,-12.433554
815,5,-24.977732,-1.4023067
827,7,-11.149654,-0.03620854
829,5,-24.18223,-8.698285
835,7,-15.122021,15.6202345
836,7,-29.839262,5.8609443
838,7,-15.099543,4.225828
842,5,16.92952,-24.129965
845,5,-25.674974,-0.7326705
861,7,-25.499086,13.937756
868,7,-29.089901,5.5732417
871,5,-41.038937,3.4414966
872,5,-34.158813,1.6543989
874,5,-31.815506,-18.50782
876,5,-31.815506,-18.50782
883,3,13.140449,-42.64282
884,7,12.031555,-44.933678
888,3,-24.447348,32.943275
889,5,-41.586346,-12.229855
894,7,-15.242352,13.634581
896,5,-22.954315,-2.4264128
901,5,-43.29154,11.152202
920,7,-36.19904,17.255638
921,7,-19.932398,20.371777
929,5,-35.0042,0.9617875
945,7,-10.695496,9.231161
951,7,-11.453833,10.815375
958,5,-45.700924,0.9306306
964,7,-5.1208243,16.627075
968,5,-23.309834,-1.3060433
988,7,-7.4300337,6.004973
1001,5,-26.041302,-6.3564773
1014,7,-20.174965,21.721378
1023,7,-14.892935,4.3947787
1024,7,-6.148296,17.62249
1026,7,-32.600376,6.7308493
1029,7,-12.540613,7.948357
1036,7,-13.515203,1.1541022
1053,5,-46.077316,-11.132371
1058,5,-34.455334,-9.614678
1061,7,-19.729437,5.417189
1066,5,-27.365633,3.8716645
1076,5,-45.61835,-9.718846
1085,7,-36.948963,17.760567
1089,7,-22.87733,38.56184
1098,5,-38.4033,17.581394
1103,7,-28.679104,12.312824
1117,7,-2.3558292,10.408348
1119,7,-2.355899,10.408452
1132,3,-21.386831,37.85327
1146,5,-42.53616,-9.994719
1151,3,-2.7009966,4.3305664
1153,7,-14.717837,10.660687
1164,5,-30.219776,-0.6435566
1169,5,-15.578129,-4.679548
1170,7,-21.352251,-1.8897593
1179,7,-6.563819,-0.90782815
1187,5,-33.594913,-10.711758
1193,7,-24.15853,2.1740594
1195,7,-14.372827,2.2481062
1199,7,-5.4442625,4.0416074
1213,7,-14.698725,24.803837
1222,5,-47.3044,-2.0782888
1251,5,-33.029808,-3.601884
1257,7,-22.840296,23.005964
1258,7,-22.046232,23.777206
1263,7,-21.818222,-9.4535265
1265,5,-22.679932,-4.9761167
1274,5,-44.601227,4.7050633
1275,7,-19.13799,17.055454
1276,7,-18.89126,22.259386
1282,5,-19.89282,-8.304027
1284,7,-12.119088,12.649117
1291,5,-38.24273,17.425941
1292,5,-31.550962,-2.7340837
1295,5,-40.08706,-1.1610203
1299,7,-9.464331,-0.46091145
1301,7,-9.453219,-0.45369366
1307,7,0.05469502,-2.4298208
1315,5,-32.373646,-11.960441
1316,7,-26.884903,0.34880513
1321,5,-39.095936,0.8801283
1322,5,-34.55185,-3.9626195
1324,5,-35.403973,-9.903328
1337,5,-31.076046,2.7105165
1346,7,9.227814,-0.88942045
1349,7,-18.61859,5.7536583
1354,7,-17.296434,5.989199
1355,7,-17.689919,5.9640284
1356,7,-17.2869,6.034511
1360,5,-40.703518,-15.035914
1380,7,-10.649474,-6.515811
1381,7,-21.276354,11.065727
1386,7,-0.08208406,9.569186
1391,7,-23.189497,-3.2402709
1392,5,-28.743927,-5.605049
1397,5,-31.392756,0.68510365
1398,5,-24.071106,-17.917593
1403,7,-8.338979,5.441017
1408,7,-21.104591,12.516151
1409,5,-32.6779,6.758619
1413,7,-19.553661,7.8560877
1414,7,-21.000875,0.067312226
1418,7,-36.791477,17.95227
1424,7,-6.3999186,10.413526
1426,7,-31.974077,-10.073524
1429,5,-36.561897,-13.436029
1432,7,-25.921963,2.31202
1435,5,-34.482197,21.37293
1438,5,-21.97297,4.9836903
1444,7,-1.5669787,-1.3644294
1446,7,-18.960299,9.350793
1458,3,-20.208836,36.252834
1462,5,-7.7372384,12.410855
1463,5,-33.46425,8.09164
1464,7,-13.204897,10.24602
1465,5,-40.00275,4.1192713
1477,5,-44.24957,14.070127
1478,5,-44.242046,14.058686
1483,7,-32.27623,14.816574
1492,7,-23.063622,32.96552
1500,5,-42.839546,-6.331712
1501,5,-36.757763,-5.394396
1507,7,-9.4007845,-2.3772013
1509,5,-28.156649,18.279669
1513,7,-11.595235,-8.705133
1517,7,-2.3484247,0.8146363
1519,5,-31.852161,5.511348
1529,7,-21.172916,19.054855
1535,7,-27.865282,22.20999
1548,5,-4.904098,14.957536
1555,7,-25.158562,34.22172
1562,7,-15.486235,15.280958
1566,7,-19.81559,-8.024282
1572,7,-9.7581,20.482882
1576,7,-18.545696,15.618347
1578,7,-11.4854965,-0.93291956
1579,7,-10.168068,1.0946068
1584,7,-19.554455,16.260582
1593,7,-22.075623,24.047192
1599,7,-15.824244,21.068895
1604,5,-45.858814,11.148394
1609,5,-28.569067,17.688564
1618,7,-8.974742,9.806055
1621,5,-22.722433,-11.459401
1624,5,-43.52676,4.734295
1627,7,-11.544235,17.04267
1631,7,-21.089775,21.237432
1633,7,-23.391003,-6.4782233
1636,3,-24.619148,35.631733
1638,5,-29.748661,16.980927
1639,7,-6.2182612,-19.306358
1654,7,-15.873212,12.466382
1655,7,-23.427032,15.519547
1681,7,-13.45785,22.315868
1682,7,-39.853783,8.643458
1683,7,-25.291178,9.571142
1689,5,-32.298424,0.30842045
1691,5,-11.728074,24.880253
1696,7,-15.5105,0.57845867
1698,7,-11.894251,24.442268
1703,7,-30.407745,-8.188623
1710,5,-34.10265,10.864664
1712,5,-44.233437,6.5754137
1714,5,-42.073864,2.5288668
1723,5,-33.26535,7.413522
1730,5,-5.1076565,16.317955
1733,5,-39.16109,-6.5609207
1745,7,-11.405484,16.682308
1755,7,-16.927204,-10.312151
1759,5,-26.785463,-6.3071237
1761,7,-27.977516,-1.9292874
1772,5,-40.25189,1.5268129
1779,7,-23.911291,17.059153
1782,7,-18.446249,12.107975
1793,7,-14.220207,3.6865609
1795,7,-28.561052,-5.2866554
1798,7,-7.881973,-0.24880293
1799,7,-16.00075,9.697387
1804,5,-29.523987,-2.774364
1806,5,-40.261753,0.1752456
1808,5,-22.657312,-11.73965
1813,7,-25.557644,4.3901277
1816,7,-22.636282,-3.3083847
1821,5,-17.360687,-11.094574
1823,7,-5.033134,14.62016
1824,7,-22.459887,20.912077
1827,7,-7.648627,16.036896
1828,7,-30.239464,22.870028
1830,5,-39.590626,8.852563
1832,3,-19.968077,35.584404
1834,3,-20.62887,36.235916
1838,7,-16.263733,7.753631
1839,7,-18.26141,6.034962
1853,7,-12.8386345,8.586968
1863,7,-23.49227,1.2243053
1865,5,-25.440296,-1.1039103
1874,5,-35.80641,-4.6395864
1876,3,-3.5426483,8.6046715
1878,7,-15.161843,9.74409
1880,5,-44.25096,6.570767
1900,7,-27.757326,19.704584
1902,7,-23.203089,15.623439
1906,5,-13.025091,-2.4302292
1908,7,-7.332022,2.401963
1911,7,-12.572408,7.1669736
1919,7,-30.270739,13.620565
1927,7,-24.672169,-6.83502
1931,7,-1.4201791,7.1754193
1934,7,-1.4180964,7.1754007
1936,7,-1.4175835,7.1765175
1937,7,-16.447754,4.3679743
1943,7,-4.8007283,5.3473954
1958,7,-7.9796023,21.53377
1960,7,-15.20539,24.366888
1963,7,-15.531486,8.714844
1978,7,-16.340923,-2.760118
1983,7,-11.377047,2.4038925
1989,5,-41.766125,0.6567003
2010,7,-12.337522,-8.458408
2011,7,-24.200668,16.868265
2013,7,-12.501341,0.43066716
2017,3,-22.812815,37.365246
2020,7,-28.079048,-1.004978
2023,7,-8.0960245,5.1446934
2027,7,-10.640136,-6.48006
2029,5,-26.78856,-13.216818
2030,7,-11.471912,6.25338
2036,7,-23.62297,11.040667
2044,7,-12.960248,23.025242
2051,7,-16.209774,9.868141
2058,5,-42.76091,5.727302
2065,7,-22.80661,19.9908
2068,5,-30.550762,9.266916
2070,5,-14.984499,-13.569553
2076,5,-45.653454,-12.576194
2080,7,-15.788814,23.004423
2081,7,-12.559706,17.245182
2083,7,-26.82564,21.132658
2096,7,-22.8194,15.188544
2115,7,-15.636223,5.111759
2116,7,-21.460665,17.645292
2121,7,-22.302786,8.58041
2123,7,-13.376019,7.2791047
2131,7,-17.42738,-0.94865763
2134,7,-11.264975,12.544623
2137,5,-17.835108,3.7421734
2141,7,-15.377071,0.014613788
2143,7,-10.194228,6.4289737
2144,3,-19.969524,35.767414
2149,7,6.3018084,24.844025
2154,5,-44.58554,-13.924588
2155,5,-38.108135,-12.367233
2157,7,-17.166027,7.860926
2158,7,-17.589388,10.7275715
2161,7,-28.818914,23.147804
2164,7,-33.90448,12.013783
2181,5,-39.083843,5.4839387
2183,5,-29.814018,14.281911
2190,7,-8.521305,14.436133
2192,5,-34.70057,-11.757283
2200,7,-19.83083,-4.6475406
2212,5,-34.270424,-3.3512552
2218,7,-18.991993,-3.2447662
2219,5,-26.356646,-9.272186
2220,3,-6.845934,-8.492704
2221,5,-40.760574,5.266371
2225,7,-16.91697,-7.4732623
2232,7,-7.2805495,3.2786927
2233,7,-9.64576,19.109997
2235,3,-9.745954,-2.8568952
2238,7,-24.994802,13.36741
2240,5,-41.739788,8.130838
2248,7,-17.660631,7.2824407
2254,7,-14.80266,-2.8898315
2255,5,-28.965942,13.09286
2257,5,-28.674217,15.482379
2265,7,-14.949079,24.789639
2272,7,-1.7613202,22.376024
2274,5,-45.706184,7.7611766
2281,3,-20.266119,37.16313
2286,5,-30.532663,-3.2486422
2287,5,-31.097431,-11.3677635
2288,5,-24.210823,-8.714795
2291,7,-19.000738,12.228309
2302,7,-18.949354,-6.3277564
2307,7,-3.903927,7.32345
2308,5,-41.469143,-2.6099393
2310,7,-17.123814,-8.142544
2311,3,-5.212879,1.8937317
2314,7,-20.733864,9.246057
2316,3,13.039713,-43.831093
2320,7,-32.151863,17.963232
2325,7,-22.032398,-0.40214628
2328,7,-16.447533,4.4029307
2330,7,-10.539371,-4.3879356
2344,5,-24.931795,0.653529
2353,7,-25.061308,3.2073793
2359,7,-18.137966,4.108265
2364,7,-26.893986,-4.724376
2373,5,-32.80856,-8.838753
2382,7,-14.334885,19.871992
2383,7,-19.986748,-12.146067
2388,7,-14.189476,25.186409
2389,7,-17.539028,10.681814
2392,5,-31.777437,-4.387408
2395,7,-16.589615,19.13932
2396,7,-17.676298,14.890813
2397,5,-39.96428,16.575521
2404,7,-17.347109,-10.015241
2405,5,-35.34859,-8.983168
2407,5,-26.987875,3.4317007
2416,5,-22.965096,2.1182885
2417,7,-14.486626,2.325316
2418,7,-20.804161,1.2306534
2422,7,-15.1121,2.8630447
2423,7,-13.123814,-3.3923585
2440,5,-40.770157,6.5070295
2441,7,-15.301074,23.446045
2444,7,-20.03627,9.742241
2452,5,-44.25811,-5.149395
2455,1,-15.003982,-19.910328
2457,3,-14.852425,-19.36721
2459,5,-43.258354,10.871765
2460,7,-12.755213,1.8630506
2469,5,-28.032677,3.638309
2472,7,-20.114067,3.9193983
2478,5,-44.8067,-8.8129635
2489,5,-31.737589,9.900423
2490,3,-1.7112312,1.54361
2502,5,-38.2313,12.37107
2508,7,-17.55998,17.621864
2513,5,-10.262964,17.092028
2515,7,-20.528797,-10.896903
2516,7,-16.65684,19.16635
2525,7,-39.656513,8.938655
2527,7,-30.38408,15.070795
2535,5,-38.071342,5.834702
2543,7,-23.732069,23.300484
2548,7,-22.41097,-3.9247186
2553,3,-7.305093,15.119581
2560,5,-38.703465,-1.8822325
2565,5,-28.485167,-15.449511
2566,3,13.791806,-23.82798
2571,7,-17.72435,8.984084
2574,7,-15.188014,7.002641
2579,5,-42.390564,4.6152625
2583,7,-1.6025448,-1.4166384
2590,7,-9.829582,-6.105072
2592,5,-44.886646,-10.67808
2604,7,-20.876707,33.547634
2608,5,-44.91283,-8.944147
2614,7,-5.481261,17.100195
2627,7,-17.746979,12.915407
2629,7,-12.211886,23.350138
2633,7,-4.9602947,11.1171665
2634,7,-22.522705,16.684261
2642,7,-20.469072,17.074526
2644,7,-15.183405,22.442497
2646,7,-8.317666,3.104457
2650,7,-27.765724,7.250066
2651,7,-27.765724,7.250066
2652,7,-23.163458,5.2281485
2654,5,-43.109543,-1.0190073
2655,5,-43.109543,-1.0190073
2657,7,-19.58623,-0.6914679
2661,5,-32.317627,-1.712003
2662,7,-20.124704,22.241016
2670,7,-20.882141,-2.3395996
2671,7,-6.368145,-1.0427548
2697,7,4.0916867,-3.1910386
2699,5,-37.319973,-8.550062
2703,5,-42.489708,-11.53299
2708,7,-8.657421,19.091354
2710,7,-9.614635,18.463646
2713,7,-17.13039,15.996961
2714,7,-6.330932,7.438847
2719,7,-35.31412,15.879545
2723,5,-35.420055,4.2632537
2725,7,-30.75181,22.873446
2729,5,-43.194275,10.610237
2731,5,-35.430504,-3.483475
2739,3,-9.381623,2.4134543
2740,5,12.341132,-23.89037
2751,5,-31.793102,-4.807548
2767,7,-40.19149,14.166242
2768,6,30.434132,1.0181968
2772,7,-13.253043,2.9331067
2784,7,-21.839716,12.460435
2786,7,-29.396269,5.9675093
2791,7,-38.66102,7.3811054
2802,5,-41.006985,2.1279857
2813,5,-28.772825,-14.962927
2816,7,-8.253647,-0.17151327
2817,7,-17.910357,18.803188
2826,7,-11.310927,0.35258946
2829,5,-24.87454,-14.06002
2833,7,-19.997217,17.694561
2841,4,40.45257,20.948893
2843,7,-8.325076,1.506699
2847,5,-37.63083,-12.986849
2855,7,15.638449,7.1477594
2856,5,-28.333708,9.726987
2860,7,-31.90218,-10.162032
2861,5,-31.100191,-1.4670322
2869,5,-37.221,2.1308286
2883,5,-34.22536,13.083112
2887,5,-17.47229,-6.03384
2889,7,-24.760492,10.312232
2892,5,-32.304188,0.2923089
2895,3,-22.16819,34.535847
2899,5,4.9592123,-32.814575
2909,5,-36.44258,-11.13857
2914,7,-8.058364,10.9896965
2931,3,-6.27421,-2.339182
2932,5,-29.30334,0.7180941
2933,3,-19.782768,36.746483
2934,7,-8.058535,6.9444356
2938,5,-45.01225,-10.191442
2939,5,-40.22296,13.446629
2960,7,-12.915089,6.4596844
2969,7,-9.3168545,1.9825957
2972,7,-17.48546,16.494097
2973,3,-20.834717,34.414394
2975,3,-23.263716,35.980827
2979,7,-11.186417,3.9206252
2987,7,-37.472282,15.14369
2990,5,-43.41791,-11.15814
2992,7,-15.147455,24.696037
2995,7,-6.1630807,-19.35227
3006,7,-8.137827,3.3370433
3007,7,-12.593134,4.742966
3008,7,-17.799477,0.10667055
3016,7,-16.651747,22.878704
3022,7,-34.119987,1.7752168
3024,5,-34.909798,4.279017
3027,7,-16.319656,7.0868745
3034,7,-16.009058,10.910137
3040,3,-23.178505,37.7951
3049,5,-25.649364,12.3793545
3059,7,-5.7463627,-2.7483516
3069,5,-41.993263,8.469071
3081,3,-22.956572,34.91894
3095,7,-22.614609,8.31789
3120,7,-21.124008,6.2913265
3121,5,-42.297066,-10.043868
3122,3,-23.148697,38.190674
3128,5,-37.502266,-8.324612
3137,5,-34.417892,-2.8650036
3138,7,-16.634935,9.038806
3155,5,-28.444853,-9.49914
3167,7,-14.454226,19.789164
3192,5,-25.092844,0.56049156
3195,7,-29.827581,8.0656595
3196,7,-31.212662,12.724661
3209,7,-26.766315,2.3569224
3219,3,-21.017138,35.643867
3229,7,-23.120634,1.4888574
3233,7,-4.98925,14.603196
3238,3,-23.661427,34.411488
3243,7,-11.489133,6.5231056
3244,5,-36.682518,-0.04986373
3254,5,-34.120403,-12.842847
3269,5,-33.554836,-9.963147
3275,7,-8.289387,10.118163
3290,7,-22.040636,3.0613365
3309,7,-21.424519,10.353762
3321,7,-8.603734,8.847821
3326,7,-2.903196,21.089872
3337,7,-13.451709,6.2708635
3339,7,-7.506634,14.846658
3354,7,-18.577541,0.40654483
3367,3,6.274037,32.60704
3370,7,-27.453302,-1.9370254
3400,5,-18.258564,-13.786675
3408,3,-23.80088,35.15656
3420,5,-25.056131,-2.9397385
3421,7,-15.3199625,-4.8918786
3440,7,-19.496172,17.216728
3447,7,-15.322595,13.455984
3449,7,-20.39071,16.928762
3454,5,-14.169498,6.5051804
3455,7,-5.3125305,9.32893
3456,7,-7.9944825,-1.368108
3469,5,-33.571747,-1.713093
3470,5,-32.578873,-0.8121046
3480,7,-32.6187,18.62346
3483,7,-16.156618,-6.2455225
3486,7,-8.284493,9.212857
3493,5,-38.002903,-3.0658863
3504,7,-15.382066,25.351898
3511,3,-20.145075,35.826477
3512,7,-22.341227,15.139305
3514,5,-46.019783,11.473762
3522,7,-18.64821,16.090918
3532,7,-12.792121,25.002552
3533,7,-27.694752,-3.2930074
3535,5,-45.98901,7.292422
3537,7,-23.872389,13.58313
3539,5,-34.926346,5.3997984
3544,5,-46.08507,11.487782
3555,7,-14.750611,5.1920624
3561,5,-42.899845,-12.04518
3580,7,-27.247015,-0.9696081
3582,7,-12.616449,-2.7666097
3588,7,-14.649672,3.3562446
3595,7,-33.417427,-3.5014703
3596,5,-41.72605,-13.261892
3599,5,-38.95844,6.285174
3600,3,-11.868345,-9.248545
3601,7,-19.297268,14.07537
3604,5,-37.153698,7.6245847
3608,5,-37.179092,7.6697545
3621,7,-5.0292163,5.7128224
3627,7,-17.401638,-4.7192907
3628,7,-15.934084,-4.2715244
3629,5,-36.608334,-13.409261
3632,3,-1.2767053,17.897
3633,7,-24.694202,19.165144
3635,7,-17.417912,17.944841
3637,7,-18.963688,20.523544
3645,7,-26.215485,17.727146
3647,5,-28.738476,-2.5843496
3655,5,-41.60422,4.0669937
3659,5,-41.35059,11.459414
3673,7,-6.626791,7.758451
3674,5,-20.249508,7.6496634
3676,7,-27.749245,15.75462
3685,7,-17.341234,-8.191615
3686,7,-26.3674,18.119692
3691,5,-44.61587,-10.714449
3692,5,-36.296246,-3.0318954
3696,7,-12.426931,15.804807
3705,7,-27.23823,21.429108
3706,7,-19.761532,13.5655985
3716,5,-25.204727,-2.7422917
3717,5,-32.94431,2.0957842
3726,5,-43.99283,-10.462695
3728,7,-23.89993,3.661184
3729,7,-23.839611,3.610618
3734,7,-15.643699,-9.036874
3747,5,-35.168552,7.9628577
3748,7,-23.436705,12.581411
3751,7,-20.513186,16.888039
3757,5,-28.414999,-11.720402
3758,7,-29.185682,20.14455
3763,5,-46.43082,-10.865155
3764,5,-46.237274,11.167322
3783,7,-38.437,14.290068
3795,3,-23.278297,33.895855
3796,3,12.068313,-45.099216
3804,5,-24.75248,-11.065713
3817,7,-12.3121395,12.0083275
3830,7,-25.289112,-4.6140304
3832,7,-39.85417,13.543883
3834,7,-13.699595,-0.5919898
3845,7,-8.375743,3.8620224
3846,7,-12.146396,17.033129
3857,5,-29.101183,2.961049
3859,7,-4.806126,10.9051285
3860,7,-40.19364,13.59261
3863,3,-4.6560187,3.1127708
3864,7,-4.4307394,3.698493
3869,5,-28.07214,1.7220887
3888,5,-42.60087,11.665141
3899,5,-29.99334,7.9197845
3901,5,-40.1644,-0.8319825
3908,7,-17.19995,12.570423
3913,5,-29.738653,0.3444601
3919,7,-22.350128,23.705957
3920,7,-22.181082,23.951826
3924,7,-23.998745,20.633348
3928,7,-23.405586,14.682042
3932,5,-34.354187,-8.167139
3941,7,-33.76534,17.580496
3944,7,-14.909516,17.38635
3946,7,-14.937176,17.384312
3948,7,-14.937176,17.384312
3953,5,-40.98733,2.1505864
3956,5,-33.262135,-11.69119
3962,7,-13.534359,1.0763943
3972,5,-41.901833,0.4878782
3974,7,-10.121286,6.2067533
3978,5,-26.26546,7.6761374
3998,5,-45.610516,-12.472865
4010,7,-32.65397,-9.566704
4013,5,-31.00505,0.6895583
4016,7,-24.758621,5.785035
4021,7,-30.022652,14.680154
4022,7,-18.653017,11.046163
4028,5,-33.155457,-13.643615
4037,7,-25.876701,20.306065
4047,5,-45.90633,0.8522825
4051,3,-7.2210584,0.14838883
4057,5,-32.654953,0.3536552
4063,5,-39.552036,-3.1906984
4068,5,-31.515003,22.701143
4079,7,-38.00268,14.525722
4080,5,-30.207193,12.238521
4101,7,-24.703934,15.987014
4114,7,-21.618654,2.9557605
4121,5,-38.11137,5.961952
4123,7,-20.558012,32.03309
4124,7,-12.904696,1.9479656
4137,7,-18.357985,-9.918473
4140,7,-31.675089,13.4269
4145,7,-6.8752413,-1.518503
4147,7,-22.92728,20.271559
4150,7,-19.796074,11.199942
4156,5,-39.76846,2.3372302
4166,5,13.071792,33.72239
4183,3,-8.973732,-2.3450933
4185,5,5.181331,-32.33189
4198,5,-36.36089,-11.1836195
4204,3,-23.348032,33.615902
4208,7,-1.3817735,1.5422065
4210,3,-6.0916195,-0.1418939
4216,5,-42.27928,-10.248693
4219,7,-14.4275875,-13.593885
4221,7,-14.344923,-13.593632
4225,7,-12.741739,3.6698368
4228,7,-22.313848,0.45237222
4234,7,-15.101667,-1.8277489
4235,7,-21.780016,-6.493503
4241,5,-38.171318,-3.8987312
4244,7,-21.589113,-1.7133815
4255,7,-29.24878,20.153822
4259,5,-32.889233,10.53822
4269,7,-18.059826,1.4802676
4270,5,-42.13494,8.627629
4281,7,-17.023834,14.16718
4285,5,-29.771225,-6.2848954
4295,5,-44.788242,-14.300952
4296,7,-21.85688,14.174533
4297,5,-38.387825,14.409465
4299,7,-19.185287,2.7371156
4301,7,-36.462788,4.23884
4320,5,-28.022764,-6.9900756
4328,5,-28.38414,-11.127552
4335,7,-24.865799,5.265339
4337,7,-11.434498,10.803233
4345,3,-20.139536,-29.566359
4357,7,-7.199973,1.1288286
4359,7,-31.467386,18.424988
4366,7,-10.739292,1.9792302
4370,5,-28.02845,-16.54446
4372,7,4.1913657,-2.83029
4377,7,-12.625939,15.639613
4378,7,-20.660028,20.224215
4383,7,-9.474208,9.290116
4392,7,-5.6153617,8.785575
4396,5,-24.308468,0.53147626
4397,7,-19.561567,-0.32302865
4398,3,-6.785057,4.381908
4400,5,-38.59935,9.357569
4403,7,-18.935854,19.064764
4404,5,-25.27865,1.7219001
4408,5,-22.079994,4.0653076
4412,5,-24.084387,-17.912409
4415,7,-11.106177,11.760286
4417,5,-28.827515,-14.74143
4420,7,-1.008496,9.72319
4426,6,21.018742,-15.100451
4427,7,-8.3181,8.15892
4435,7,-13.502674,-1.0126792
4440,7,-11.763425,7.4904375
4442,5,-41.003147,-14.645715
4443,7,-23.15575,-1.9818641
4444,7,-35.333195,15.975017
4448,7,-17.028582,22.460384
4460,7,-17.058418,-2.190295
4468,5,-28.250814,-9.457815
4472,7,-7.416949,5.912964
4478,7,-11.550645,5.6084924
4483,7,-6.119904,3.5229907
4489,7,-21.197342,-9.6412735
4490,7,-19.189333,-1.823253
4492,3,-3.3629224,-3.2380009
4496,7,-5.046224,16.535225
4512,7,-19.833773,3.912784
4514,5,-40.544254,7.135882
4515,7,-7.908412,12.347378
4518,7,-13.991687,23.546526
4544,7,-18.581036,1.6341834
4548,7,-17.101128,0.23200648
4550,5,-36.824364,6.918975
4553,7,-21.020433,11.321704
4567,7,-7.2130356,-8.220001
4569,7,-26.65509,9.8610935
4570,5,-44.50533,-3.0654984
4572,3,-6.529758,1.3167557
4579,5,-31.675236,-7.1378865
4581,7,-22.696314,34.6245
4583,3,-21.87967,35.4907
4585,7,-17.13448,1.2934641
4589,7,-20.41021,20.041147
4592,5,-34.941635,-0.2514281
4605,3,-24.240345,37.57988
4610,5,-11.881029,25.28151
4611,5,-41.853653,-9.39857
4614,7,-13.389142,13.090639
4619,7,-19.350233,15.658451
4626,7,-9.059635,6.027448
4631,7,-23.44969,-5.956149
4632,7,-23.494968,-5.617414
4644,5,-17.330666,-11.14632
4645,7,-25.2457,2.0247643
4652,5,-32.28161,-4.467024
4653,7,-13.943109,4.875239
4661,3,-4.521314,-5.1393323
4665,5,-43.90806,-12.076764
4671,7,-27.500519,-1.0630401
4672,5,-36.797268,-5.571872
4675,7,-7.1840553,6.7580585
4677,7,-5.2408757,1.9257495
4679,7,-4.3513546,-6.7256584
4690,7,-11.822185,8.977794
4700,7,-3.8015063,22.236492
4702,7,11.704429,17.033573
4707,5,-35.123215,-8.574761
4708,5,-35.764126,11.462858
4717,7,-15.6156645,-1.2291791
4723,7,-13.7228365,-0.8692627
4724,7,-10.440238,11.1081295
4730,5,-41.799793,8.214808
4734,7,-15.439648,-9.659258
4739,3,-23.966455,36.764454
4746,7,-10.354817,9.18922
4753,7,-18.095411,13.962022
4760,5,-34.196198,-16.114073
4767,5,-44.942165,-3.851627
4773,7,-10.256762,4.701521
4781,5,-19.900837,-1.1631817
4785,7,-14.233506,8.717488
4792,7,-17.982933,11.104804
4794,7,-22.318954,38.668808
4796,5,-38.704906,6.7703834
4798,5,-38.19955,-0.22423927
4800,7,-32.34975,18.024878
4806,5,-23.781193,-5.5634894
4813,5,-28.507977,-11.501841
4816,3,-4.895541,0.92008823
4817,5,-46.24529,-7.890884
4819,5,-33.40801,-9.83433
4821,5,-44.7938,-11.686732
4822,5,-42.240494,-13.501953
4825,7,-12.047379,-4.6918144
4828,7,-18.595245,11.985364
4830,7,-22.8916,21.629366
4838,7,-19.721481,18.247631
4847,7,-16.960964,-1.3802602
4850,7,-21.603363,17.874067
4852,7,-19.718954,-4.569915
4855,5,-35.618523,11.75811
4858,7,-12.279904,6.9191265
4860,7,-26.065771,6.8980827
4867,7,-14.634156,11.954655
4877,7,-17.030308,-2.1360865
4882,5,-21.250439,-4.3172116
4891,5,-33.340683,7.8261056
4905,7,-11.330996,12.7434845
4906,5,-43.703663,-5.9835324
4913,3,-9.701379,-9.652482
4918,7,-17.665953,-8.882278
4925,5,-9.68044,12.282751
4938,7,-32.256626,14.79613
4943,7,-15.447544,25.705135
4946,7,-5.9635267,-1.0318459
4953,5,-34.52023,12.318633
4959,5,-39.380974,17.620588
4965,7,-7.689841,-2.5984652
4967,7,-22.383965,13.856922
4980,5,-42.715805,6.083423
4987,5,-44.147106,8.749833
4991,7,-3.839547,18.332659
4993,5,-29.233286,2.9649448
4996,7,-19.877707,7.709174
5000,7,-39.289253,18.605633
5009,5,-38.270515,1.2277344
5010,5,-43.482265,9.984591
5019,3,-22.26976,36.22771
5021,5,-42.48631,-1.3962169
5024,5,-30.932953,-8.0263815
5030,5,-34.255886,-13.973645
5033,5,-43.415188,3.4164252
5037,7,-37.02272,14.996356
5045,7,-6.6484175,10.688685
5050,7,-9.839025,11.374638
5051,7,-36.96974,4.1499333
5054,5,-45.489376,3.9694915
5055,5,-45.466408,3.983323
5057,5,-45.395134,4.0083294
5060,7,-13.088061,12.901625
5066,7,-18.284481,14.566747
5067,5,-28.199755,-1.0188267
5068,7,-36.501873,3.8939326
5069,7,9.604164,15.594632
5075,7,-36.60805,4.142635
5081,5,-39.681114,-3.6057417
5083,7,-13.478117,24.09408
5085,7,-7.9934587,0.93785596
5090,7,-17.541157,-3.9565308
5092,5,-40.437138,12.189999
5093,7,-16.555452,3.1149757
5097,3,-22.93888,36.898163
5108,7,-21.943205,4.723939
5113,7,-6.3967147,5.225692
5114,7,-13.076333,6.2041054
5117,3,-23.444645,37.32704
5120,7,-22.669033,10.317059
5123,7,-10.99256,16.623432
5139,2,24.205273,20.54676
5141,5,-34.613674,3.5696495
5145,5,-34.26457,-2.8794332
5155,7,-30.398746,-1.1104509
5161,5,-41.15897,8.032431
5165,7,-21.452082,-3.6653051
5172,5,-33.30018,7.3504686
5173,5,-39.114727,14.749511
5180,7,-17.742855,2.5751548
5181,7,-19.732254,1.3868301
5190,7,-19.167917,6.462211
5213,7,-11.180332,15.443213
5219,5,-27.240555,11.59353
5222,7,-10.8459635,3.8705523
5228,7,-10.508616,15.007349
5235,3,-21.450102,34.23938
5236,7,-23.0331,10.934071
5246,7,-18.06143,-1.5507461
5252,7,-15.648585,-10.260438
5262,7,-17.654194,9.911845
5271,7,-5.587488,2.8709664
5273,7,-14.486748,8.342399
5277,5,-44.90202,-3.454063
5279,3,-22.868202,36.52059
5284,7,-19.97873,13.515147
5285,7,-14.584888,25.17885
5289,7,-7.2323613,15.92587
5300,5,-22.890251,-12.246434
5320,7,-9.758627,-0.5950148
5335,5,-27.550072,-7.159833
5362,5,-38.499084,12.770656
5375,7,-9.901297,-0.9220234
5380,5,-44.810764,8.474472
5382,7,-10.747776,-2.4274
5383,5,-30.720098,3.46941
5384,7,-17.027798,1.2125926
5398,7,-8.919578,9.563657
5402,5,-41.195827,9.541234
5407,7,-25.227169,21.2075
5409,7,-40.811394,-14.993744
5421,7,12.166549,-43.644146
5441,7,-24.103083,8.708264
5443,7,-14.976117,5.7697554
5444,7,-24.351004,19.1015
5445,7,-21.314299,-11.257738
5463,7,-20.695318,5.331919
5466,7,-25.068518,23.368341
5467,7,-25.099619,23.359169
5479,7,-14.08896,8.341242
5485,5,-36.351757,19.4142
5486,7,-20.984484,-5.279339
5510,5,-35.78598,-4.760728
5522,7,-16.200443,7.046417
5523,7,-5.5062428,-3.4321582
5525,7,-1.4956701,21.287752
5527,7,-9.988369,19.095055
5529,7,-11.369815,4.815411
5533,3,-23.033484,35.041313
5534,7,-24.736748,5.327948
5541,5,-34.75735,-8.299092
5555,7,-19.07851,7.275615
5558,7,-41.351337,13.718361
5566,7,-6.9046574,3.536365
5569,5,-43.769257,-11.867506
5570,5,-34.190186,-16.103472
5575,7,-20.807442,-10.343823
5578,7,-15.114312,7.1497254
5586,7,-30.2002,12.033643
5590,5,-41.97383,-11.825511
5597,5,-35.062286,4.3367295
5599,7,-33.58249,4.2454963
5606,7,-25.51599,13.797923
5608,7,-20.938017,-6.0341988
5611,7,-19.155598,-6.1258154
5620,7,-12.231303,12.848764
5632,5,-23.888718,-3.9476337
5640,3,-5.953924,-4.9748216
5642,7,-26.200325,7.143953
5645,7,-23.986282,19.273874
5650,7,-3.347437,5.5842404
5654,5,-39.44248,13.093306
5655,7,-21.370094,19.678064
5657,5,-36.90206,3.4058995
5662,5,-44.64151,-10.681813
5678,7,-19.922949,25.089474
5680,5,-41.743828,4.010144
5684,7,-5.4502306,13.529318
5686,7,-10.617078,-2.3671062
5690,7,-20.568409,13.872267
5692,7,-18.212784,20.41358
5695,5,-26.693645,-8.802524
5710,7,-3.347586,2.8263204
5712,7,-26.996832,0.6831334
5716,7,-20.767218,12.853056
5717,3,-22.082096,36.067993
5720,7,-19.18858,2.3634257
5731,7,-15.571912,1.9399749
5733,7,-27.252277,20.69741
5734,7,-7.187065,-3.9901261
5740,3,-22.528894,38.322865
5743,3,3.464874,10.810266
5747,5,-43.54992,-11.780868
5749,5,-43.68364,-11.638338
5752,5,-43.169376,9.07
5756,7,-6.597947,3.5977676
5762,5,-33.91741,-2.6788852
5763,5,-32.19668,-1.9058129
5765,7,-15.344254,-1.5943402
5780,7,-16.565945,2.392318
5784,5,-32.75765,-13.728535
5794,7,-21.939627,2.4232466
5796,5,-26.758455,-13.301596
5800,5,-39.093517,11.45116
5804,3,-7.565393,-8.381337
5817,7,-15.970721,23.021122
5819,7,-21.985218,20.907024
5823,7,-17.576693,20.837334
5824,3,-23.030418,35.44085
5832,7,-26.737093,-4.937677
5833,7,-22.315086,14.391229
5834,5,-30.28013,-0.66367733
5835,7,-24.08594,8.305759
5838,7,-15.590353,0.9330453
5843,5,-27.867462,19.61504
5844,5,-40.122044,-6.541623
5859,7,-14.9288225,-7.6818266
5860,7,-14.928895,-7.6817822
5863,7,-14.928895,-7.6817822
5865,3,-5.7191997,1.0573926
5870,7,-13.0982685,-6.30766
5871,7,-13.0982685,-6.30766
5873,5,-28.423979,-4.1182675
5874,5,-34.117584,13.454502
5875,7,-20.11291,11.405999
5876,7,-18.394024,4.266343
5885,5,-42.816864,6.7409635
5899,5,-32.05646,4.105167
5911,7,-20.38935,14.456947
5933,7,-17.81687,-2.583702
5944,7,-27.906422,11.234112
5945,5,-28.85315,13.295592
5956,7,-26.48003,4.10719
5957,3,-5.409418,-1.7053792
5968,7,23.491337,-4.628349
5971,7,-4.5978575,17.354015
5983,7,-22.888086,12.657881
5997,7,-9.668968,20.023657
6003,7,-19.897362,24.414574
6006,7,-25.499899,13.967652
6015,7,-10.045919,6.493025
6040,7,-21.729206,15.85415
6042,7,-9.691332,11.999226
6046,7,-27.469015,21.793823
6055,5,-39.495987,-1.7671028
6056,7,-9.709136,-5.5108256
6057,7,-26.112757,9.387687
6063,5,-34.57038,-14.125513
6077,7,-22.4173,32.775906
6083,5,-43.418167,8.4052305
6084,7,-15.61271,26.096853
6092,7,-30.406218,-4.864904
6104,7,-21.166578,-14.86711
6110,7,-21.166578,-14.86711
6114,7,-23.464952,31.739801
6118,5,-34.290546,-11.050076
6132,7,-30.63335,11.876811
6143,7,-29.339165,6.3502545
6148,7,-17.371199,7.9618735
6153,5,-31.514322,-6.951196
6162,5,-27.147755,-4.4190836
6163,7,-24.301771,6.9000187
6166,5,-40.569653,-11.345397
6172,7,-11.448056,-0.68146455
6182,7,-23.322012,2.0945866
6184,7,-13.747582,-0.11756555
6188,7,-21.574383,19.909945
6194,5,-22.078745,-0.44412488
6196,7,-23.402504,19.45321
6198,5,-28.088232,-16.417904
6216,7,-20.997812,3.188935
6220,5,-43.658016,-12.734637
6223,5,-34.897995,5.8205276
6228,7,-11.892677,-8.889986
6232,5,-26.38025,-9.818274
6235,5,-7.7755947,22.038593
6243,7,-27.372261,-2.0243382
6245,7,23.376017,-5.009751
6246,5,-40.272846,-2.2791271
6248,7,-18.042486,-8.186237
6252,7,-19.946012,19.372337
6256,7,-22.136736,33.658188
6260,7,-18.294758,17.17939
6261,5,-39.213608,0.93955433
6262,7,-20.927921,-6.4040904
6263,7,-22.639082,17.152784
6264,7,-17.501877,22.329262
6267,7,-17.833958,16.099916
6268,7,-22.286524,17.9343
6273,7,-26.383684,20.244719
6292,7,-22.85394,33.51512
6307,5,-16.771881,-10.723144
6315,3,3.9094844,11.588998
6318,0,1.7612557,47.303288
6323,2,21.541494,26.704744
6339,3,14.216462,0.11860601
6340,3,5.32551,-4.208327
6346,2,13.982138,18.820654
6347,0,1.146488,50.138027
6350,3,-0.33257955,-9.691131
6357,3,-0.29449973,-10.411904
6364,0,3.033303,53.190628
6369,6,28.419529,0.69807476
6372,3,-9.400264,39.931606
6378,3,3.6582289,13.76228
6379,3,13.806224,-1.4778446
6380,2,23.27543,27.2737
6383,3,-10.322343,41.65915
6385,3,14.158311,-0.52762204
6394,2,18.640148,19.970934
6396,3,-10.250575,41.715553
6405,3,14.970868,-1.7787013
6416,2,23.27638,22.06604
6426,2,13.437411,18.856667
6429,3,-8.941704,-14.108277
6431,3,-0.010550826,-10.564419
6433,3,-0.5141124,-9.856853
6445,2,17.335705,34.171227
6452,3,0.5315249,47.380142
6455,3,-0.5979916,-10.337338
6457,3,-4.0280147,-10.862692
6458,3,-10.0601225,41.041225
6461,3,-1.6384825,-8.652687
6466,3,14.661805,-1.6380787
6467,0,2.5396876,52.050854
6470,3,14.43751,-1.6178379
6474,4,41.96244,13.854048
6477,2,18.163862,33.845573
6480,2,5.791983,36.506733
6485,2,22.815308,20.015383
6487,0,1.660874,50.702034
6488,3,14.00741,-1.1956564
6494,0,2.3240938,52.66641
6500,3,0.1939068,-7.4818645
6504,2,21.505674,19.7774
6510,0,3.7903755,53.69552
6512,3,-9.591852,39.947475
6515,2,22.91225,19.972904
6530,3,-0.055540416,-8.269619
6537,3,-3.7188828,-10.703402
6541,3,-0.53407586,-6.683505
6546,0,1.561296,53.019276
6563,2,22.824556,21.780441
6564,3,-1.1389316,-5.987465
6569,3,-8.872326,39.543644
6570,3,2.0916524,14.550138
6571,3,1.7011759,13.267249
6581,3,-2.1366537,-7.930207
6585,0,3.1563134,52.261127
6587,3,-3.6196868,-0.000387444
6593,0,3.6082478,52.8479
6594,2,18.93501,20.022966
6598,2,17.246307,19.310837
6611,3,13.980982,0.018589148
6616,0,1.190199,48.32456
6617,6,28.703602,-1.1911818
6629,2,21.909979,21.250055
6637,3,-0.0630277,-8.657942
6645,3,-3.3266516,16.258553
6646,3,-1.2649205,-9.69244
6652,3,5.5652895,36.396107
6653,3,4.6282997,-35.307148
6657,3,-8.5943,41.441685
6664,3,4.323121,12.504517
6669,3,-2.6387742,24.2447
6670,2,23.427313,27.11558
6673,3,-2.1202004,-7.9122
6674,2,22.444933,27.673655
6678,3,12.619887,0.8011144
6683,3,-10.079011,39.89977
6686,0,2.992841,52.6676
6690,0,2.1974702,52.490646
6695,0,3.5340729,53.554424
6704,3,0.43486905,47.213493
6705,2,24.2502,15.669943
6706,3,0.27276695,-7.177266
6711,2,22.609392,22.863735
6712,3,-1.4986992,-10.552155
6720,3,-8.977304,-13.842158
6728,3,-10.394119,40.40689
6745,2,15.612812,31.202726
6752,3,-3.7361453,-5.5783844
6755,6,27.231632,-0.59130275
6756,3,2.9315217,46.532265
6760,3,-0.9396067,-10.222007
6770,2,7.0465236,32.854546
6771,2,13.89397,19.131819
6772,3,16.334837,30.407217
6789,2,23.166166,17.098358
6794,2,21.095964,26.775644
6799,3,3.849286,13.712265
6812,2,17.062162,33.368027
6815,4,46.01603,18.535105
6816,3,13.647078,-0.08562651
6822,3,5.6673117,-4.7665553
6824,3,-1.1192825,22.84262
6831,2,20.29567,20.738724
6841,3,-1.4152954,-10.338202
6844,2,16.799871,31.913294
6847,3,13.264015,-0.7271818
6852,0,3.6815188,52.86453
6854,3,-9.30714,41.695713
6874,2,21.666546,20.8423
6891,2,6.4239693,34.532234
6898,3,1.0756965,5.58448
6913,3,11.651218,12.025539
6915,3,5.0427394,-34.78005
6918,2,23.032452,21.44493
6924,2,23.644907,22.5017
6926,3,-9.211711,40.50711
6929,2,28.039024,3.547391
6940,3,0.48365766,-7.143338
6947,3,-1.7189407,-9.85634
6950,3,3.83128,11.472532
6955,3,2.3816552,14.444953
6959,3,-8.153751,41.0091
6960,2,22.592262,27.60705
6962,3,-9.058702,-13.950236
6963,3,6.098522,34.777035
6966,3,0.2703227,-7.8141246
6970,3,3.5091825,13.986769
6973,3,-6.7445493,41.34134
6976,3,14.295922,-1.6739378
6984,3,4.3791885,12.472969
6991,2,17.44592,33.786858
6992,2,23.18668,20.861288
6994,3,0.6519819,5.0633225
6995,3,-7.7948103,9.734305
7005,7,5.862188,-4.7941175
7009,6,24.214142,-1.1770731
7017,4,41.135246,12.071973
7024,3,4.6513247,-33.928223
7030,3,-4.150707,1.961526
7031,2,15.915537,32.726196
7057,2,18.634031,18.961927
7071,2,3.1058636,26.301054
7084,3,18.663408,6.053777
7085,6,31.374489,-15.818738
7090,3,-2.9038186,-3.237478
7092,3,2.4465513,21.598667
7093,3,4.1888185,1.9276323
7095,1,-10.654026,-25.487658
7106,4,47.994457,13.351186
7109,6,27.331802,-14.585344
7113,4,43.25388,17.476908
7119,6,24.996326,-22.928953
7120,3,16.652916,-23.136646
7125,6,19.783146,-11.171957
7131,4,53.15219,6.613797
7134,2,25.920292,3.0725753
7137,4,41.178738,19.657831
7140,6,29.587978,-2.891819
7143,6,18.26944,-19.359417
7147,1,-3.6307352,-24.463299
7160,4,36.47171,10.947475
7164,6,38.55611,-12.300167
7165,1,-23.623072,-31.851892
7173,1,-2.31399,-34.344044
7176,3,28.533754,-9.39071
7179,1,-24.291246,-32.688095
7180,3,3.003996,1.7669526
7188,6,24.573473,-15.068135
7190,1,-16.848537,-26.624752
7199,6,27.551935,0.26241297
7200,3,1.6329705,-0.6690971
7206,6,27.436745,-31.299173
7209,6,26.649597,1.2091655
7212,6,20.438725,-17.380545
7215,4,41.268852,17.105911
7220,4,53.337955,8.344741
7222,3,-2.463276,-1.2771207
7229,4,39.109425,8.027534
7230,3,14.495014,-44.06709
7231,3,-2.6095157,1.3354319
7235,3,-2.7532084,-29.342695
7245,2,5.7421985,30.171143
7248,3,4.68094,-33.575916
7254,6,31.352108,-11.232114
7255,1,-13.008546,-27.298346
7263,3,13.884085,-45.27836
7267,6,30.59896,-4.7006073
7296,1,-10.289624,-33.118435
7304,4,41.21292,15.554189
7316,6,32.62001,-22.635187
7317,1,-21.15564,-36.24094
7319,3,0.89284027,-32.56316
7329,1,11.043296,-0.99041533
7334,1,-16.324764,-28.940872
7337,1,-3.7109885,-24.405382
7339,6,17.6012,-21.701588
7342,3,-7.8051047,-5.703095
7343,3,1.7371243,-33.866753
7348,3,16.54995,-15.658749
7353,3,13.430377,-45.62561
7380,6,27.156963,-30.948952
7382,3,15.854825,-15.620456
7384,1,-16.640106,-28.546349
7387,3,10.686119,-2.747625
7389,3,35.40652,7.0827446
7398,4,53.91282,8.50552
7399,4,43.843254,13.3222
7400,6,27.387817,-1.3754143
7409,3,1.6585336,-3.3307738
7412,6,19.799105,-16.167109
7416,6,19.48008,-16.002743
7425,6,26.058132,-8.491368
7426,6,24.37415,-15.01242
7432,1,-14.343042,-33.952023
7443,3,2.915791,-21.340382
7445,6,27.403471,-31.346245
7454,3,-4.394707,-24.31892
7456,1,-0.18710093,0.0690141
7459,6,30.365282,-5.5334597
7468,6,14.400588,-43.99792
7474,3,-10.409682,-25.184973
7478,1,13.58894,-45.780518
7482,1,-16.652666,-28.688282
7483,4,14.471561,-45.58207
7484,3,0.5955865,-34.227547
7490,6,20.059872,-24.071606
7496,1,-23.029821,-39.13613
7497,4,41.629807,8.921667
7501,6,29.084988,-4.4893637
7503,4,53.21778,9.059926
7507,1,-24.375921,-38.535873
7513,1,-25.169306,-30.085873
7516,1,-12.044012,-27.236204
7519,3,25.794046,-0.50053775
7520,1,0.29750857,-34.843956
7529,4,43.099255,17.67265
7533,1,-16.017437,-27.42323
7536,6,23.483889,-15.661965
7538,6,28.00697,-13.870479
7539,3,12.672976,-23.959951
7540,3,15.30538,-15.378348
7542,6,27.759651,-9.548793
7543,6,28.191992,-14.136033
7547,1,-3.5021744,-24.64593
7551,6,20.766182,-16.970322
7561,6,28.457346,0.34954646
7562,3,2.1093102,24.353401
7568,6,20.089443,-11.287169
7571,3,16.899988,-22.252459
7574,1,-11.271716,-48.52216
7585,6,20.100012,-24.288391
7586,7,40.810116,7.5990167
7588,6,19.963085,-22.965355
7593,1,-22.136574,-30.136679
7594,4,42.628662,12.435693
7599,4,4.947574,1.3751334
7605,4,55.493004,15.1033325
7610,6,30.954784,-22.29967
7615,6,38.96882,-22.526937
7624,1,-8.104452,-28.228792
7630,3,3.670695,-34.88382
7638,6,34.79572,-15.103651
7641,3,-0.7051119,1.3744923
7653,4,53.866142,7.887738
7663,4,40.774117,18.049213
7664,1,-21.703705,-27.912743
7665,6,14.088215,-44.21315
7667,4,45.88354,2.9784272
7669,6,16.31603,-22.624155
7673,3,-0.81605536,-8.973808
7678,2,26.259018,1.444485
7690,3,11.092379,9.616011
7699,4,53.50958,8.852277
7713,1,-18.842901,-34.4133
7721,1,-23.750305,-38.18823
7725,6,38.93066,-16.365301
7734,3,-6.945058,-7.138997
7735,6,21.602867,-20.351673
7736,4,42.952526,15.57523
7744,6,17.076262,-14.343131
7747,1,-22.377575,-37.24905
7748,3,1.1347904,-31.97737
7749,6,28.340265,-14.263222
7750,3,14.412254,-4.5331407
7753,2,-0.15117766,1.2999706
7759,4,48.771236,8.678325
7762,6,15.331931,-15.299491
7766,3,-8.1357765,-28.063326
7770,2,16.250889,14.223414
7778,3,19.047857,-15.805698
7780,6,30.235374,-20.313555
7785,3,-0.2575902,-32.74364
7792,6,30.91636,-5.1402035
7802,3,5.2858486,-12.281487
7806,6,27.282385,-31.171932
7808,4,44.241623,14.787975
7810,6,14.743017,-5.206506
7811,6,27.561481,-2.9559171
7819,2,26.422445,2.6881318
7821,3,4.4231405,1.8233869
7825,3,-2.0797024,-6.4842486
7829,6,34.658623,-13.234572
7834,6,27.986696,-13.608301
7839,6,29.167782,-4.2461224
7843,4,43.774017,15.539304
7845,6,38.320522,-12.803287
7851,1,-15.204798,-19.409431
7853,6,29.262981,-14.667212
7862,3,2.2090878,-33.887615
7870,4,26.95197,-7.0008683
7875,6,40.46857,-13.368074
7876,2,19.990017,14.168243
7878,1,-12.576586,-27.135622
7880,4,48.199837,13.196825
7882,6,27.306337,0.5424246
7889,4,53.41525,6.642494
7908,1,-5.5853634,-30.363136
7915,3,-2.1171122,-6.8860946
7928,2,5.1566944,30.051493
7929,7,-7.277763,8.873794
7931,1,-3.3742993,-24.42821
7937,1,-23.706255,-36.506218
7938,6,20.426373,-17.980495
7941,3,6.2080517,-12.864119
7950,4,43.26653,13.065681
7952,1,-21.487286,-33.306293
7953,1,-12.7120905,-26.238506
7956,6,28.585783,-6.6253695
7958,4,40.88237,17.844324
7965,3,14.174001,-4.261015
7968,3,5.694636,1.2955165
7969,3,6.610226,-14.167609
7970,6,16.450796,-21.514273
7978,3,-8.031198,-27.896372
7979,4,41.09663,20.046392
7982,3,-2.1361837,-17.613333
7992,1,-23.785812,-37.823395
8001,6,25.849056,-9.926647
8008,1,13.270386,-46.451622
8012,6,20.466843,-16.497108
8014,3,-24.506517,-38.583027
8016,4,44.111713,17.821075
8034,6,15.256591,-16.709486
8037,3,16.213936,14.128506
8040,1,-18.188122,-34.254757
8042,3,-5.154985,-1.0980434
8047,3,16.25739,-22.122099
8060,3,1.4314018,-20.726986
8063,3,12.801173,-23.97539
8072,6,27.423895,0.34483257
8074,6,34.083935,-13.094534
8086,6,25.439507,-18.301186
8094,6,28.355406,0.65945804
8107,3,2.0552113,23.84478
8111,3,-9.726196,-9.673175
8114,1,-14.417462,-28.767076
8121,3,25.599213,-0.5027918
8131,6,27.79718,-0.51483005
8132,1,-12.886121,-27.892563
8141,1,-17.174728,-31.271317
8143,6,40.729908,-28.45033
8145,6,30.555166,-6.7849455
8146,6,18.007673,-14.228831
8148,4,54.165314,14.611558
8152,6,30.306631,-6.916216
8155,1,-5.817684,-42.470226
8158,4,51.64684,16.105978
8162,6,30.786135,-3.5366874
8166,6,28.112663,-8.061486
8171,4,45.579693,14.888384
8176,1,-24.309336,-34.50817
8182,6,27.533613,-13.697624
8185,3,18.646906,-15.6069
8199,3,14.857385,-13.224507
8204,1,-13.694059,-28.009573
8209,3,2.0382078,-31.036716
8219,3,14.615839,-20.924685
8220,1,-16.629892,-33.375828
8223,4,53.967,8.140323
8234,6,28.583363,0.9620913
8235,1,-23.44684,-38.126522
8236,3,-2.522897,-23.667141
8237,3,14.769468,-22.541431
8238,1,-16.41157,-33.433147
8245,4,54.982117,7.8234987
8246,4,44.64776,12.6605425
8254,4,38.529434,13.216278
8260,1,-18.15565,-32.34081
8261,4,51.61616,10.101291
8265,4,47.752777,8.125599
8272,4,52.783043,15.8422785
8276,6,36.204197,-29.248924
8277,4,52.72139,15.807986
8278,4,52.83149,15.794734
8288,6,24.951893,-10.888604
8297,6,40.97882,-28.315638
8303,4,54.893238,13.987547
8311,3,15.390608,-23.31169
8318,1,-22.383516,-36.116795
8322,1,-17.410887,-35.779507
8325,6,18.341124,-19.696117
8328,1,-10.921203,-25.905447
8336,6,39.760242,-12.689377
8340,6,20.363314,-11.152393
8350,4,52.378662,24.245792
8352,4,52.148243,23.883377
8353,6,31.54347,-30.520496
8362,3,0.47310713,-29.31345
8370,6,23.67894,-14.61627
8374,4,50.658577,12.703246
8388,6,26.908606,-1.9911714
8391,3,36.272438,10.863318
8399,1,-17.992128,-34.614197
8411,1,-13.974485,-30.251358
8420,2,25.381699,3.9735677
8427,1,-25.204926,-32.72512
8432,3,5.903698,0.4908983
8438,2,22.027708,18.511467
8450,4,36.67191,16.23377
8452,1,-13.725728,-27.423075
8462,1,-11.064252,-48.475536
8473,3,39.059795,18.779991
8474,4,42.114143,5.625806
8490,6,34.426506,-29.387877
8507,4,45.115253,15.253814
8508,1,-20.974754,-30.751966
8511,6,22.834,-17.65197
8517,6,27.976667,-8.208364
8533,6,16.567663,-19.33688
8545,1,-22.987211,-26.189693
8547,4,43.265842,7.235646
8558,6,18.56912,-17.57968
8565,1,-11.600447,-48.52018
8575,3,19.888063,-19.364075
8580,6,22.859632,-27.588604
8582,6,25.113705,-19.356161
8584,4,43.201504,10.685449
8586,6,20.170843,-12.676005
8587,1,-10.62643,-29.0594
8591,6,37.32388,-29.455185
8592,6,33.887768,-25.752777
8594,6,38.92769,-27.139057
8596,4,47.16196,17.707367
8605,6,24.295847,-22.749458
8614,4,52.298485,19.464436
8618,1,-15.69737,-23.502096
8630,6,21.691992,-20.265781
8636,1,-11.965457,-29.955278
8648,1,-12.270875,-34.64513
8669,1,-11.716821,-37.07412
8671,6,27.424139,-17.667685
8677,1,-15.297386,-31.58817
8679,3,25.144243,-11.528037
8687,1,-12.41755,-32.659424
8688,3,-0.71711355,-33.789433
8699,1,-20.376394,-36.16192
8705,3,14.995585,-23.365139
8708,4,44.918232,6.518632
8711,1,-13.441169,-47.114315
8713,6,28.085972,-21.794071
8717,4,45.70981,8.906183
8721,6,15.042472,-43.434143
8726,6,27.872145,-13.849482
8729,4,48.59113,12.017712
8741,6,36.446514,-11.675583
8752,1,-16.97276,-31.2531
8757,1,-12.909798,-29.345589
8759,1,-18.60387,-29.293861
8760,4,40.585636,12.257969
8764,3,3.7981856,23.176577
8765,3,-24.992966,-30.273396
8770,4,44.714012,15.595952
8771,3,-3.9615736,-1.8685032
8773,1,-20.71577,-33.591526
8777,3,8.232918,-10.368049
8781,7,-20.079449,-27.606932
8782,3,3.0585089,-19.467144
8788,1,-3.5281174,-29.824087
8796,4,44.56455,8.806176
8802,6,34.334846,-15.567776
8804,4,40.43463,16.318638
8809,4,40.70822,10.849451
8813,1,-14.317431,-33.69928
8831,1,-0.43563262,-33.91906
8841,4,49.66698,9.9788265
8850,6,35.250027,-17.491083
8859,6,29.13973,-1.8660138
8862,6,18.303518,-14.989929
8863,4,0.84722155,25.223642
8865,4,51.92522,10.278028
8871,4,47.845093,5.592325
8874,3,0.66855264,9.584039
8876,1,-23.117746,-34.76822
8893,4,42.428673,10.302754
8894,1,-16.761051,-28.41383
8899,1,-12.299441,-29.576084
8901,1,-7.4826803,-35.57664
8902,4,45.377827,9.109236
8907,6,31.905874,-4.942732
8915,1,3.3889031,-23.017609
8919,1,-15.619568,-44.63512
8930,6,40.340088,-13.402615
8938,1,-6.1995716,-41.174423
8941,6,32.686516,-10.266281
8948,1,-0.51951665,-32.173344
8956,1,-20.558012,-33.297047
8963,6,31.611044,-18.614525
8973,6,17.334076,-13.193595
8975,4,47.235798,6.4321737
8978,6,36.09258,-11.080288
8980,6,31.573856,-18.690735
8983,1,-24.228333,-27.956783
8986,1,-11.344504,-39.148533
8996,1,-14.435587,-24.73808
8999,6,16.90579,-23.019588
9004,6,40.25708,-13.174431
9010,1,-9.127184,-41.64726
9011,4,52.744534,18.107761
9015,6,33.401676,-27.69112
9019,6,34.297405,-27.133417
9020,6,34.581352,-25.838829
9022,6,36.527477,-29.127598
9024,4,50.323746,15.246051
9031,1,-18.426302,-29.128326
9034,1,-15.250603,-31.320986
9035,6,38.492348,-14.944775
9061,6,40.163937,-13.691638
9067,1,-14.782072,-29.397673
9079,1,-10.897538,-27.454384
9082,4,48.41061,10.505246
9094,1,-16.508686,-41.44395
9100,4,53.349274,15.166047
9104,1,-6.8090467,-45.21731
9112,3,39.231827,8.468491
9131,6,33.26789,-11.121264
9140,3,-2.5356603,-21.831408
9153,4,41.286747,7.9493437
9168,1,-15.571159,-35.675198
9176,1,-18.631262,-25.785086
9184,1,-5.895089,-32.927933
9191,6,16.168633,-23.028145
9200,6,18.551126,-15.030439
9212,1,-22.647066,-33.443687
9217,1,-22.798553,-36.190773
9224,1,-9.546736,-44.530037
9231,4,50.11211,12.825142
9234,3,-9.6347065,7.3684497
9238,4,46.406353,14.944725
9243,4,41.54248,17.358007
9252,4,51.819508,10.509256
9253,6,23.062712,-19.565178
9256,4,46.797447,13.997689
9260,1,-10.823727,-36.1904
9263,1,-10.28033,-31.686296
9271,1,-22.733215,-39.695946
9274,1,-13.8008585,-23.89584
9278,4,49.381054,16.83614
9280,1,-9.554871,-43.364437
9288,6,30.223534,-23.795422
9290,1,-5.9138894,-31.248692
9299,4,39.943233,13.372954
9301,6,31.197435,-9.272465
9308,4,51.50599,10.385486
9309,1,-22.821299,-26.707054
9310,1,-9.617929,-22.706974
9312,6,17.254057,-14.911351
9313,6,41.01427,-12.561806
9329,3,16.20853,-18.12764
9330,4,4.9724364,23.117466
9334,4,42.686977,10.647876
9337,4,47.85694,8.049787
9338,4,43.93432,9.7965975
9340,1,-25.046442,-32.23206
9345,6,29.844877,-16.744123
9358,6,40.08778,4.386697
9375,4,52.301014,10.770567
9380,4,47.4008,12.100974
9384,3,-0.27766368,1.3985659
9388,4,49.42019,9.371219
9389,6,21.35711,-22.474758
9394,4,51.084675,19.118607
9398,4,52.36211,17.567038
9399,6,35.229908,-24.455334
9400,6,31.905163,-27.163187
9403,6,33.241924,-19.36138
9404,6,23.847929,-17.39679
9405,1,-4.991619,-44.155334
9407,1,-6.582405,-30.724077
9412,6,24.367208,-22.842184
9427,6,28.260668,-9.133816
9428,3,15.175037,-23.124405
9436,6,25.641071,-15.731284
9439,6,19.547329,-8.074545
9443,1,-15.430868,-30.17912
9445,3,37.39589,6.566941
9446,4,45.22235,21.479507
9450,1,-13.138768,-29.029013
9459,6,29.633982,-8.638217
9461,1,-8.087447,-34.41449
9464,4,52.458183,7.8893595
9469,1,-5.764584,-33.08183
9478,1,-11.564993,-28.468021
9488,6,29.154205,-11.610841
9490,6,22.118204,-19.3245
9500,4,45.879025,12.774308
9511,6,21.63432,-11.021099
9527,1,-8.055156,-40.887264
9536,4,46.05985,13.974437
9542,6,39.705227,-29.061167
9549,6,26.371916,-1.0373691
9561,3,13.136817,-43.53395
9563,4,56.102375,17.288086
9576,6,31.826498,-5.390973
9579,1,-18.136612,-30.767471
9580,4,46.680542,12.876462
9581,6,28.615902,-18.54607
9583,6,40.316433,-13.830601
9585,1,-13.726795,-41.622013
9597,6,33.477104,-17.009186
9599,1,-12.618888,-33.142284
9600,6,40.90821,-12.747778
9612,4,54.817116,18.746159
9614,1,-9.923347,-43.159695
9622,6,36.001472,-27.89189
9624,6,35.251904,-25.695522
9629,6,39.453075,-13.17083
9637,6,34.480145,-30.670746
9649,4,45.32804,15.199614
9651,1,-16.249945,-41.606895
9656,1,-12.965982,-41.070507
9685,1,-13.142081,-45.588024
9686,1,-3.5484974,-40.748013
9688,1,-10.009777,-44.72573
9699,1,-12.463172,-41.750122
9708,6,27.425655,-17.533718
9710,4,49.88151,12.822757
9717,1,-10.984783,-34.208706
9720,6,33.71966,-15.415123
9722,1,-10.493496,-29.067616
9729,0,4.744807,53.055046
9730,1,-14.358688,-33.408333
9734,1,-10.585318,-41.266422
9749,6,25.709967,-2.5545418
9752,1,-5.304664,-30.395855
9758,4,49.68703,14.511534
9761,6,31.476881,-20.745445
9764,1,-24.03531,-34.939976
9769,4,47.474106,10.2261915
9771,1,-5.731429,-47.379032
9784,1,-11.68931,-32.02682
9789,4,53.98139,16.132895
9792,6,31.828167,-28.963623
9794,4,55.11248,17.412653
9805,6,29.441174,-28.245924
9808,4,53.01859,9.251103
9809,6,40.018864,-13.7665205
9815,4,54.14909,21.056234
9821,6,14.833719,-13.120121
9836,1,-6.473783,-30.117727
9838,6,27.720907,-22.10679
9844,4,41.224365,8.311357
9851,6,29.200184,-19.551083
9852,4,50.169205,15.7641535
9870,1,-15.548229,-30.0994
9890,1,-11.459372,-37.776108
9893,3,1.1005242,-33.125717
9901,6,15.508738,-24.223282
9907,1,-14.085482,-25.165253
9921,6,37.566532,-27.266727
9925,6,35.56484,-24.141201
9939,1,-13.5615835,-28.344202
9948,1,-10.293021,-44.537045
9958,6,29.313639,-7.922452
9959,1,-19.500523,-39.796738
9960,1,-21.110546,-28.41098
9970,6,36.2466,-27.806
9983,3,11.592644,-23.856174
9994,1,-4.8418927,-31.630157
9997,6,36.357235,-14.721199
10001,4,41.49206,8.898886
10003,4,46.392334,6.9044576
10015,1,-4.3141885,-42.84551
10017,1,-7.2653937,-42.569527
10018,4,51.435833,15.307069
10021,4,52.086594,17.039593
10024,4,54.23671,19.52945
10025,6,23.072256,-21.36415
10027,3,15.17153,-24.057592
10029,6,26.251865,-12.468906
10039,6,27.896328,-0.65075785
10050,6,35.150192,-27.816898
10054,6,27.551497,2.0022671
10056,4,45.53231,16.88379
10071,6,21.29144,-18.995003
10076,3,14.136431,-4.355089
10079,1,-3.2184696,-23.614212
10086,4,51.38623,20.106123
10092,6,35.614975,-14.088247
10101,6,30.47723,-7.072001
10119,1,-18.44681,-28.450848
10121,6,32.1798,-6.231999
10126,6,30.333609,-18.230522
10133,6,29.058243,-17.163517
10135,6,26.82828,-18.65066
10138,1,-23.819523,-34.939445
10145,4,47.484226,11.769246
10159,4,44.535034,13.321631
10160,4,45.8204,20.657917
10163,1,-15.497726,-32.575867
10164,1,-13.35867,-31.750032
10173,4,43.516716,2.9894543
10179,6,32.825294,-24.766422
10183,4,52.80772,17.770761
10188,1,-13.983235,-25.155342
10202,1,-8.6703005,-43.83174
10205,1,-10.237292,-44.49334
10210,1,-5.359161,-43.53199
10215,1,-4.9412265,-28.012875
10220,3,-0.005834688,-32.42013
10229,1,-19.084244,-40.56841
10236,1,-12.300535,-31.56842
10238,4,48.610615,21.359581
10256,6,22.166967,-17.43112
10261,6,32.709915,-6.6449747
10273,1,-12.756501,-42.317535
10275,1,-13.757308,-45.75511
10293,4,46.808884,11.271012
10294,6,28.66954,-17.133167
10302,4,4.3184624,22.79213
10303,4,51.400726,17.302168
10304,4,54.665794,21.364159
10306,6,27.285162,-19.648264
10311,4,42.96529,9.524468
10312,6,36.13559,-15.213331
10315,4,50.143677,16.688591
10324,6,21.333961,-7.5830956
10326,3,34.70862,11.377087
10328,6,21.367914,-16.417963
10330,6,39.236572,-14.182583
10334,1,-16.81074,-23.260712
10339,4,40.346455,13.07864
10340,4,37.871384,16.775784
10344,6,39.809242,-12.27457
10355,6,39.229664,-26.906479
10359,6,38.865734,-22.686733
10360,6,34.168427,-29.87812
10362,6,34.019352,-30.849276
10365,4,53.904713,14.989503
10366,1,-7.080091,-44.462227
10386,1,-16.529322,-36.572
10396,6,30.586742,-18.600803
10398,4,48.63783,16.704012
10399,4,42.162952,5.68334
10401,4,39.088253,7.609867
10407,4,44.578568,13.496113
10422,6,37.322914,-28.799667
10423,4,55.30138,19.439184
10442,1,-21.568327,-38.743134
10443,4,44.547333,10.4344425
10445,1,-10.422572,-19.671566
10453,1,-14.737438,-28.034575
10457,6,40.437294,-14.081138
10461,4,46.602097,14.866309
10462,6,39.364372,-25.260227
10468,1,-10.110827,-40.83644
10470,1,-7.8459287,-41.884457
10479,4,45.367245,5.1986504
10480,6,39.19615,-8.776631
10495,6,31.049665,-20.003914
10499,1,-4.050385,-42.71551
10501,1,-25.317205,-31.392004
10504,1,-11.200381,-30.290735
10505,6,18.92358,-18.235556
10506,6,35.97635,-26.079365
10511,1,-9.384235,-44.09277
10522,4,50.65055,21.420485
10523,6,36.1393,-25.679186
10525,6,34.630432,-27.057135
10526,6,27.234976,0.9063399
10532,1,-23.902653,-33.762924
10533,5,-19.733953,-19.81921
10540,1,-19.868053,-31.737501
10541,6,35.125557,-11.53309
10543,4,55.667896,18.555405
10546,1,-7.606679,-43.898075
10549,4,55.34286,17.905525
10554,4,53.40921,18.279543
10561,1,-24.458284,-34.718487
10562,6,26.953228,-13.547852
10570,4,52.044342,18.650038
10574,1,-7.738008,-44.138855
10577,4,45.480785,8.212616
10579,4,38.40602,-9.9678335
10587,3,12.005468,-23.336699
10594,4,41.986053,15.207351
10595,3,-26.29679,-29.560614
10598,6,35.382504,-11.852385
10602,3,-21.126108,-30.821236
10603,4,53.83556,19.408472
10605,4,53.400978,19.307516
10606,4,53.13168,18.72955
10607,6,36.33383,-26.755186
10611,6,36.61238,-14.069618
10614,6,16.886715,-15.110186
10618,6,35.99354,-25.720232
10622,6,25.438997,-21.124882
10623,2,17.521587,19.283459
10624,1,-15.647377,-35.488438
10625,1,-11.090668,-32.895245
10636,3,16.109922,-15.311362
10637,3,-3.6215374,-20.471157
10653,1,-12.86609,-40.91535
10662,3,22.91816,-16.098879
10665,1,-10.409128,-43.508514
10666,1,-6.4681673,-43.154015
10669,6,38.837276,-22.747105
10678,4,40.196976,4.693089
10684,6,30.663551,-18.764545
10696,4,48.54927,11.768598
10705,1,-13.350036,-30.032625
10713,6,27.045258,-4.5971875
10720,6,26.466572,-2.0470138
10721,4,48.664925,14.777971
10726,4,46.80651,9.601736
10739,1,-19.872679,-38.70434
10742,4,47.147774,19.89763
10760,6,32.370045,-27.632473
10770,1,-13.764276,-32.22053
10771,6,32.900444,-6.8429775
10785,1,11.9786215,-46.899113
10789,1,-0.14591223,-32.50867
10802,6,35.88811,-22.095785
10803,4,49.569714,17.768894
10805,6,37.270638,-15.154251
10810,6,35.136772,-28.176224
10819,4,39.302597,11.460124
10823,4,39.67708,11.334145
10824,1,-7.1014414,-39.08563
10826,6,30.94673,-12.111765
10836,4,53.410645,17.955664
10837,6,35.449474,-26.83111
10839,6,21.289478,-14.648436
10840,6,28.595404,-0.248909
10858,6,25.04067,-19.563828
10866,1,-8.244218,-43.54363
10867,3,2.0654044,-0.554619
10871,4,46.16609,6.9598303
10874,3,9.787865,-22.017595
10885,6,30.98164,-20.034163
10888,1,-20.957777,-35.40791
10898,1,-14.822745,-26.696205
10903,1,-21.062204,-35.645786
10905,3,-1.594595,-31.760916
10908,6,38.015064,-24.515265
10911,4,56.841137,17.30424
10926,1,-19.92807,-33.062855
10929,6,31.763071,-24.76388
10945,1,-23.59526,-38.51068
10950,6,34.568825,-26.304708
10952,6,35.216984,-27.3472
10978,6,31.979662,-28.196209
10989,6,17.578577,-22.474304
10990,1,-12.008823,-43.828255
10999,6,14.791037,-21.813898
11003,4,39.839485,8.700235
11008,1,-21.93555,-36.712494
11013,6,37.983414,-26.357674
11015,1,-11.054062,-42.370552
11018,4,54.171204,18.252409
11021,3,5.0495667,4.3445187
11042,4,51.312023,17.90911
11049,3,20.112865,-11.934375
11050,3,15.780294,-23.375095
11056,6,36.252285,-28.248594
11059,4,55.032356,16.313675
11068,3,0.35256052,-13.786837
11072,6,23.535666,-15.654032
11076,4,37.59354,19.21745
11085,1,-10.93802,-45.519913
11086,1,-7.993011,-44.620987
11097,1,-14.225136,-43.76383
11107,4,45.582767,20.05199
11111,1,-19.245152,-32.003826
11112,6,38.173973,-26.512377
11114,1,-7.4638267,-44.24032
11115,1,-17.928833,-29.301592
11123,1,-19.828506,-39.811268
11138,6,37.187366,-28.86724
11139,4,53.556175,16.758383
11140,6,33.36629,-26.53363
11143,6,25.530905,-13.143953
11165,1,-17.291618,-32.9559
11166,4,45.52776,21.140526
11167,1,-11.958139,-42.65867
11176,6,31.447075,-21.459415
11177,4,51.716377,17.784817
11182,4,49.97032,18.498802
11183,6,29.966648,0.35490552
11186,4,51.194954,18.125742
11189,4,55.02104,18.944904
11190,6,39.720768,-29.171627
11199,6,28.13603,-24.411943
11203,1,-21.126476,-31.429482
11205,6,20.985535,-19.6321
11208,3,19.153028,-13.992127
11209,6,28.120338,-24.385662
11211,1,-13.2034445,-35.6251
11212,2,20.016615,19.066132
11228,1,-11.35465,-44.55769
11230,4,41.872513,12.1020775
11234,1,-19.52206,-26.268364
11237,3,6.666461,2.455341
11242,1,-19.13302,-30.253595
11261,3,2.5000076,24.687876
11263,1,-9.900582,-36.897583
11265,3,3.007215,-35.308414
11266,6,39.085564,-14.381932
11280,6,30.763489,-20.650063
11287,6,33.068134,-30.663729
11292,6,29.659544,0.55469435
11295,6,31.312765,-28.082132
11301,1,-1.3891977,-33.868458
11304,4,54.57767,17.757212
11311,1,-12.760726,-39.959793
11313,6,21.218107,-7.6851835
11318,3,5.4693046,0.26228577
11320,1,-15.845312,-23.434942
11321,1,-18.25054,-27.808962
11325,6,24.319721,-1.0557388
11328,1,-16.34545,-36.631805
11330,6,38.390366,-10.167534
11332,6,28.901218,-6.3058906
11333,6,26.08076,-18.431236
11334,6,35.183743,-13.108207
11356,6,25.536264,-13.931365
11364,4,51.15827,15.441991
11370,1,-10.903101,-42.455406
11376,6,30.203335,-21.896984
11379,1,-17.946163,-33.790306
11383,4,42.937603,10.617987
11386,6,29.551235,-13.519197
11388,4,-22.392464,-37.138268
11402,1,-10.46668,-45.52132
11406,1,-9.213915,-44.97889
11415,4,52.20736,14.416785
11418,6,33.057095,-21.18088
11420,1,-17.056868,-36.812927
11427,1,-10.608989,-47.282272
11428,1,-13.325846,-46.63784
11432,6,32.602028,-13.552155
11441,6,33.041023,-29.755758
11444,1,-8.920725,-44.009567
11450,6,22.120014,-11.587529
11451,4,46.318096,12.69064
11453,3,23.18604,-16.611343
11456,6,40.168465,-30.0034
11457,1,-13.777467,-45.31814
11462,1,-12.2036,-37.623196
11463,1,-14.559964,-43.02856
11476,6,31.545568,-9.4600725
11480,1,-16.925205,-25.984112
11482,6,36.948906,-26.10097
11492,4,51.239628,19.15306
11493,1,-5.6936398,-26.881912
11497,3,14.668629,-9.158957
11504,6,33.339077,-28.097256
11506,6,34.110405,-29.893665
11515,1,-15.217819,-46.177776
11516,6,37.569874,-15.037921
11521,1,-14.554941,-41.688168
11528,6,28.084505,-19.88523
11529,1,-23.19749,-36.058407
11534,6,31.1961,-3.595994
11538,1,-11.305936,-34.758976
11540,1,-18.365376,-35.25924
11542,4,45.74728,18.592888
11555,6,31.25062,-17.829536
11567,3,7.423407,-13.629232
11569,3,4.8180814,-14.547961
11570,4,50.68288,15.211309
11577,4,40.13851,5.2151213
11584,1,-12.694303,-30.505411
11594,1,-3.1040015,-33.835472
11602,1,-5.2160068,-28.994013
11615,4,44.376114,11.799826
11617,3,-9.511745,-30.086418
11619,3,-1.9366683,-28.723848
11628,3,20.572393,-18.36456
11630,1,-5.936269,-30.537851
11640,6,36.7406,-20.965712
11645,6,32.303993,-25.624428
11663,1,-10.804424,-33.72007
11687,4,38.535732,9.301308
11690,6,18.858337,-17.110146
11694,4,51.56842,18.12035
11696,4,54.095196,17.708324
11698,4,53.751186,17.544987
11699,7,-3.0105972,12.826018
11702,6,24.456215,-12.253952
11710,6,30.27935,-26.318808
11716,4,52.89858,16.98649
11719,1,-11.089898,-46.0786
11729,4,43.744946,14.429478
11736,6,31.651276,-15.66177
11742,6,16.347746,-16.038584
11746,6,35.628098,-28.601303
11752,4,54.601067,19.093164
11753,1,-11.211514,-44.127647
11771,1,-13.55875,-38.318752
11773,1,-14.596295,-24.771933
11784,3,10.362432,10.794414
11794,6,26.869396,-4.8245754
11799,6,29.967434,-20.289204
11804,6,20.807281,-16.299807
11807,4,39.017128,12.88569
11808,1,-16.17334,-25.29268
11822,3,-1.2424976,-29.012215
11825,6,40.744938,-13.115148
11829,5,-19.745775,-19.603237
11830,6,27.648182,-21.42109
11838,1,-20.081102,-25.717854
11844,1,-19.937151,-29.539831
11846,1,-11.057077,-43.435417
11853,6,21.645498,-11.949395
11859,3,20.502762,-11.064887
11866,3,19.77306,-7.972715
11876,4,45.83685,11.782728
11878,3,25.48156,-9.71715
11879,6,30.220982,-17.79751
11880,4,40.73506,20.627644
11885,3,-4.4916453,0.81003165
11886,1,-17.441654,-34.97046
11890,4,53.292564,6.6475797
11892,4,52.45454,20.216896
11893,6,36.492462,-25.76445
11900,4,49.11129,11.107608
11908,1,-9.596772,-34.926678
11910,4,42.964153,14.210584
11913,1,-13.13075,-17.104038
11933,3,0.25306416,-31.589615
11934,6,30.12602,-23.818024
11935,4,39.995014,14.171863
11937,4,48.51812,10.454638
11941,1,-10.728022,-32.07744
11949,1,-20.973097,-36.621384
11950,4,44.813503,10.423648
11953,4,50.07925,18.852869
11961,6,24.060389,-19.975433
11987,1,-13.260705,-39.576332
11997,1,-18.765572,-33.76861
12000,6,14.560052,-44.018517
12016,6,40.36775,-26.217167
12020,6,26.40666,-20.669914
12022,4,52.095913,14.021356
12023,6,23.114523,-6.303922
12029,6,28.438246,-15.405765
12036,6,32.251278,-13.538609
12037,4,49.755272,10.951465
12044,4,43.323658,14.938305
12048,6,26.71571,-26.913609
12056,1,-16.668926,-37.70681
12058,4,39.095856,16.686998
12061,3,12.578471,-44.862003
12070,6,37.280857,-26.561922
12071,4,47.663956,17.951221
12072,1,-9.4324255,-42.68281
12079,6,19.717484,-21.106775
12096,6,24.859922,-3.3821747
12103,1,-8.2672825,-43.379105
12114,4,42.189545,15.502682
12117,6,35.1151,-11.140919
12122,6,20.133,-22.904
12124,1,-14.625137,-43.595352
12132,4,43.373158,9.024118
12134,1,-20.330864,-37.82971
12136,4,47.49413,16.187836
12148,4,54.602337,16.990124
12162,6,24.97341,-20.48111
12163,1,-23.642742,-30.742393
12169,4,47.95395,5.6525517
12178,4,45.87086,2.971034
12184,1,-12.2061205,-44.79127
12187,4,46.303024,8.729693
12191,4,50.307423,7.6416054
12192,6,21.724302,-17.902443
12194,4,40.85917,17.800116
12198,3,5.7158065,0.8979705
12200,6,28.295422,-8.448557
12201,4,43.180096,13.179135
12202,4,44.123627,19.731544
12207,4,40.341217,13.951516
12208,4,14.949607,-45.812515
12226,6,34.032013,-28.963484
12232,1,-12.890239,-46.133812
12239,3,13.695875,-45.923973
12244,6,36.173565,-16.3694
12249,1,-23.062443,-26.066074
12250,3,-2.5665119,-35.263878
12268,3,16.971552,-18.302046
12276,1,-20.298128,-39.41558
12282,6,40.617573,-12.886436
12283,6,19.871275,-19.268902
12287,2,6.5937643,30.296673
12301,6,32.95584,-20.569267
12306,6,29.233597,-11.507354
12310,1,-19.910324,-27.001415
12312,6,36.150677,-27.350826
12325,6,16.864626,-18.163637
12332,3,37.424625,19.313005
12348,6,29.773664,-13.381247
12351,6,41.167362,-13.489724
12358,4,51.922226,23.278845
12362,1,-13.904432,-39.199135
12364,1,-8.501512,-32.430645
12367,6,24.872957,-3.4084458
12372,3,0.76104784,-19.45323
12377,4,40.931995,15.955947
12401,4,53.96119,10.63922
12402,6,28.231228,-19.92021
12405,6,32.497612,-23.092077
12407,6,40.686535,-13.891991
12412,4,49.312416,16.720394
12417,4,48.901783,14.954972
12421,1,-21.976738,-34.306404
12422,3,-25.097397,-27.149017
12426,1,-18.848063,-25.760988
12431,4,38.194572,14.576931
12436,3,2.5082688,2.0265398
12437,1,-12.585564,-43.20424
12444,6,36.69019,-20.529253
12447,1,-15.0031595,-41.356827
12449,1,-14.71252,-39.289494
12451,1,-12.049233,-46.49558
12455,1,-9.419746,-45.799923
12456,4,54.679237,15.435433
12461,1,-9.800941,-42.030647
12468,6,33.97805,-16.416256
12470,4,52.426014,19.041018
12474,6,35.446198,-29.583477
12475,1,-8.765062,-42.977043
12481,1,-8.839887,-39.984188
12483,1,-5.6019473,-41.325912
12485,1,-8.574212,-41.85059
12493,6,33.747093,-21.632135
12496,4,49.066643,15.299954
12502,4,48.70833,14.120515
12506,1,-17.955933,-43.013046
12518,1,-17.99184,-36.19166
12521,1,-7.414628,-41.09104
12523,1,-6.741338,-42.331715
12525,6,35.60709,-25.293097
12533,1,-14.05088,-24.26429
12534,3,3.764588,-22.294142
12537,6,24.459215,-11.704499
12541,1,-7.724213,-42.52595
12548,4,54.853214,17.932432
12549,1,-9.369483,-42.76607
12551,4,45.090485,7.8425484
12556,1,-8.228989,-29.520514
12558,1,-21.241879,-33.1927
12569,4,40.00581,15.221688
12574,1,-10.703053,-38.669678
12575,4,54.1305,12.267773
12576,1,-11.03598,-40.408787
12579,6,34.07581,-27.660381
12582,6,34.292774,-27.981339
12583,1,-16.827404,-39.232292
12585,4,4.2884984,22.810152
12588,6,38.746887,-18.376701
12590,6,36.59317,-23.906734
12592,1,-20.076206,-25.091572
12595,6,30.65584,-27.43114
12599,1,-14.761352,-26.469252
12604,4,40.85903,14.311798
12607,4,40.500843,14.960191
12609,6,30.93879,-26.14397
12610,4,54.781197,15.557819
12617,3,-1.1232543,12.621889
12618,3,13.15603,-45.629414
12619,4,47.88302,11.657858
12621,1,-11.555224,-44.48014
12626,6,39.056507,-30.32264
12629,6,34.287727,-25.284103
12631,6,31.878351,-27.277287
12637,4,50.485504,21.431665
12638,4,50.293327,18.071032
12647,4,45.265877,5.266124
12653,1,-8.064502,-45.449917
12678,4,44.635857,14.713458
12681,6,26.517656,0.19314471
12692,6,36.3052,-24.804031
12694,6,38.72097,-18.760574
12704,4,45.672886,11.921599
12705,3,4.1749735,20.98559
12714,6,31.776676,-30.409138
12718,1,-7.4958186,-35.470924
12721,3,3.885156,-36.370487
12722,4,37.727688,16.797022
12724,6,36.892185,-14.272548
12728,6,29.279146,-18.835379
12729,3,14.01478,-43.975716
12731,1,-9.277519,-30.121675
12733,6,21.889593,-17.415173
12742,3,9.348075,-10.475494
12748,4,42.234016,12.319406
12751,4,51.678524,12.297252
12755,6,27.06576,-4.718478
12758,1,-12.512413,-41.547276
12765,3,13.956337,-25.407248
12770,3,28.277918,-7.07459
12771,3,-0.1243855,-30.605364
12775,6,34.333035,-14.498081
12778,4,41.99653,12.869946
12787,1,-22.376925,-37.821644
12789,6,26.454504,-12.396123
12798,1,-4.3993506,-43.522408
12804,6,28.706621,-22.873566
12813,4,42.310402,16.573616
12819,1,-12.823909,-38.062347
12823,6,29.995335,-22.111708
12832,1,-9.813436,-34.522953
12833,6,19.819588,-21.674503
12856,4,39.390648,14.521414
12859,6,34.316277,-11.965119
12860,6,14.749671,-21.983015
12863,6,22.535576,-11.681777
12864,6,26.620707,-16.62253
12866,4,48.787083,9.205536
12870,6,39.704746,-28.119755
12871,1,-11.749578,-44.41776
12878,4,55.774513,16.88666
12885,1,-20.21273,-29.003862
12886,6,31.261091,-5.22316
12890,6,31.485664,-11.00141
12892,1,-14.249978,-28.170788
12900,1,-9.099769,-42.500664
12903,1,-13.550725,-44.079647
12913,6,32.927017,-22.635582
12919,6,20.652973,-20.721182
12921,4,36.029106,10.682823
12926,3,27.858166,-7.3935156
12927,1,-21.729614,-27.90723
12935,6,18.105469,-15.407817
12938,6,34.118713,-28.362164
12939,1,-8.95699,-41.098778
12941,1,-8.497595,-40.585102
12952,1,-5.4635606,-41.222996
12956,4,52.00779,8.368719
12957,1,-5.8455195,-27.35197
12958,3,3.1851425,-21.734129
12961,4,44.89311,19.281155
12968,4,41.393055,13.351832
12971,6,40.12376,-29.914719
12972,1,-10.906015,-40.225517
12974,6,33.41741,-26.37893
12981,4,39.594547,16.077114
12985,4,40.41529,10.288762
12993,6,16.87069,-20.76411
12999,1,-13.480295,-27.529812
13017,4,54.813335,17.998886
13020,1,-6.472084,-30.080086
13026,1,-12.709488,-43.40316
13027,6,34.1751,-29.494131
13028,1,-10.806154,-38.639023
13041,6,26.543001,-5.1008286
13044,4,46.676212,20.492771
13045,1,-8.345279,-46.730656
13053,6,38.60314,-27.68557
13060,6,15.569319,-21.460718
13064,3,12.609826,-24.589
13070,4,41.742447,19.798157
13071,6,23.040956,-13.926104
13078,6,23.235943,-14.102772
13081,1,-0.5239057,-30.85999
13083,4,39.30825,14.380406
13086,6,37.048477,-28.016434
13089,3,2.7998748,23.898098
13091,3,2.9443462,-14.570647
13092,1,-15.319712,-39.94967
13093,3,9.408602,5.755921
13094,3,1.9062928,-20.735252
13097,6,30.985691,-5.983062
13113,3,2.1414337,25.514565
13120,2,19.632786,28.166042
13138,3,-8.211065,38.455772
13144,0,2.6409445,50.150967
13145,2,19.494146,28.656017
13148,2,8.9859295,28.917074
13155,2,21.568512,19.464622
13168,3,4.054522,25.749336
13172,2,18.910828,23.620657
13173,2,30.009474,2.1868243
13186,2,18.676329,32.07685
13190,2,10.442945,35.027153
13198,2,19.90988,27.344114
13201,3,2.088035,-34.00494
13206,3,5.238848,-4.4516544
13211,3,-2.9517477,-22.246155
13213,2,10.162985,34.234745
13219,2,20.07929,19.092537
13228,3,9.771682,9.399132
13231,3,4.6629453,-35.937016
13233,3,-8.79979,40.781754
13238,3,17.910828,6.369678
13259,4,49.09498,18.756504
13269,6,40.232323,-15.253608
13270,2,29.305952,2.163912
13275,2,8.603978,33.793797
13280,2,3.0639021,26.295076
13284,2,7.2607784,29.31179
13285,3,17.543186,5.93793
13294,3,-8.283769,-14.525269
13296,2,16.276583,22.439434
13305,2,21.801117,27.126175
13310,3,17.424152,6.64487
13311,3,10.434641,10.6955185
13314,6,35.03469,-28.862175
13323,2,22.92291,15.104183
13324,3,1.6885216,26.516903
13326,2,16.597885,18.496109
13330,3,-7.7832904,41.191017
13341,4,14.004749,-45.069386
13348,3,4.2581887,14.304995
13349,0,1.8941602,48.515358
13355,2,2.7835135,26.031687
13358,3,-10.485896,40.818134
13362,2,8.294737,30.076155
13364,2,7.244635,28.604233
13365,3,2.1116517,-21.185057
13367,3,-7.665461,36.629066
13373,2,19.29961,29.886965
13380,6,34.63797,-22.407677
13393,3,1.0735283,25.483883
13399,3,4.868002,32.99162
13411,2,15.977855,20.815271
13416,3,13.340139,-45.066536
13417,2,2.6572282,26.236488
13418,3,6.001676,26.204834
13422,2,22.311562,18.068493
13428,2,19.743889,28.588322
13433,2,7.4022217,28.083172
13435,4,44.457066,5.4076843
13440,2,23.810396,17.382708
13456,2,8.036426,22.085817
13460,3,-7.3642383,-13.760502
13479,1,-5.3272185,-36.53537
13483,3,4.5822563,5.6118903
13485,3,7.0414624,-11.914839
13488,3,5.408731,-4.7954726
13491,2,13.714501,24.069242
13492,2,13.496387,23.79024
13516,1,-9.594009,-46.651356
13519,2,20.25255,18.10804
13524,3,4.2600636,5.87439
13530,2,17.23001,22.747412
13533,3,12.862308,-2.399336
13537,3,2.8735275,-35.904507
13541,1,-11.214358,-43.28429
13554,3,2.8110764,-20.967762
13575,2,22.680826,15.127041
13577,3,4.363587,13.448089
13579,3,4.7342973,12.933491
13580,2,9.292917,29.507418
13583,3,17.331871,6.660399
13585,2,19.440592,27.36392
13586,3,4.9141574,12.028433
13589,2,19.057674,28.920065
13590,3,-8.354099,40.659462
13602,3,12.605752,-45.203766
13611,1,12.260971,-46.659306
13619,3,7.5943046,-13.568246
13634,3,10.970798,11.1561365
13636,3,12.588452,-44.408897
13647,3,-6.298189,1.119505
13649,3,-6.2981234,1.1194004
13656,2,7.6070848,27.448317
13682,3,10.455681,10.029898
13685,3,4.770256,12.112927
13686,0,2.5213852,49.974895
13694,6,35.79606,-26.744884
13699,1,-18.988306,-37.85754
13702,1,-8.308483,-35.47475
13706,3,5.270905,-4.9654837
13707,3,2.4117832,-7.1615486
13711,3,11.058031,11.2419615
13714,3,-3.1811943,16.105392
13719,3,2.573671,-18.688046
13721,2,7.46575,33.564236
13725,6,8.648465,-12.977073
13730,0,2.532704,50.538136
13761,3,-8.116256,37.909115
13767,1,-11.360563,-45.99298
13773,6,30.758104,-0.6864042
13784,3,11.279192,-1.3155468
13785,6,37.978577,-25.440529
13797,2,7.7953544,28.6075
13798,3,-3.2715535,-23.308197
13799,0,4.1987367,51.37466
13800,3,15.782152,5.069824
13805,3,3.7736976,24.550621
13809,6,24.169424,-24.088026
13811,6,26.281448,-10.501939
13815,3,-1.2830484,3.9798937
13820,6,34.128876,-32.07627
13821,3,8.072588,-13.294779
13831,3,16.697966,6.359249
13835,3,-7.5089707,39.64018
13838,1,-11.834533,-45.17037
13847,3,-1.7734694,18.258244
13854,6,34.11964,-23.996977
13855,6,32.85733,-24.688011
13861,6,35.58502,-31.212488
13866,3,7.986243,-12.689846
13877,2,8.537222,30.284647
13880,3,13.155619,-2.615468
13882,2,22.68207,12.998471
13888,3,3.9438097,-13.342929
13891,2,19.437368,16.273746
13897,2,19.19685,27.4705
13901,2,17.934473,21.084597
13913,6,36.019947,-12.683571
13916,3,-7.3059483,1.6977677
13923,2,7.3899264,27.411667
13924,3,17.688221,6.3318677
13927,3,1.902313,-22.055449
13929,2,9.957931,33.994137
13940,3,4.20164,13.658362
13943,2,17.625486,32.308586
13962,2,16.56127,18.524939
13984,1,-7.8573213,-38.401367
13988,2,2.2975981,27.159279
13990,3,-2.5212202,-22.868402
13991,4,3.79181,7.5296373
13993,3,7.746103,-13.229421
13999,3,-3.079623,-23.377213
14003,3,3.7893178,11.252821
14005,6,29.742676,1.7084447
14008,6,26.532494,-21.268143
14019,3,4.4468217,24.40692
14020,3,-9.025922,41.256283
14023,3,7.388384,-11.03967
14025,2,9.073993,32.155045
14026,1,-15.269748,-38.69724
14032,6,29.551008,-3.485236
14034,3,0.61995333,-21.316391
14036,3,-7.0692987,-13.67201
14041,3,7.7203846,-11.84594
14045,6,37.21728,-24.740389
14048,2,19.522827,28.933435
14051,3,-8.521457,39.86204
14057,2,15.433243,21.318316
14059,2,18.97004,22.892118
14062,2,19.0798,30.299314
14068,1,-13.900979,-45.175724
14071,2,23.612926,17.199833
14072,1,-5.2744913,-39.890953
14075,2,18.309849,30.473013
14084,6,29.56424,0.4319674
14088,2,8.559488,36.08254
14099,2,16.431244,14.75493
14109,0,3.2400193,51.305035
14112,3,18.679266,6.0460067
14121,3,-6.297558,1.1202139
14123,3,-6.2974734,1.1197927
14138,2,18.850643,33.586956
14141,3,6.9458046,32.90209
14142,3,13.121787,-0.11275213
14145,2,19.38373,21.371677
14148,2,7.1396756,28.256998
14151,3,6.082792,26.767054
14152,2,13.385328,23.413868
14154,3,2.511479,46.845764
14166,1,-5.325014,-30.481016
14170,3,18.172552,5.651609
14173,3,17.065523,4.890986
14175,6,33.964,-18.372555
14176,3,-5.900597,-13.256204
14183,3,17.526842,4.9855776
14206,2,2.8690677,26.639803
14229,2,20.050846,27.128033
14237,1,-17.385897,-26.952093
14249,6,29.529423,1.5280427
14250,3,10.500882,10.791776
14253,2,16.617361,31.829855
14260,2,22.698904,15.466647
14267,6,36.54542,-13.63153
14276,3,1.313771,-20.525599
14280,3,2.068144,-7.646602
14282,2,8.878436,31.485235
14289,2,13.42384,19.069868
14290,3,7.780443,-13.527422
14292,1,-21.488516,-32.099514
14294,3,3.8601372,5.539007
14296,3,-3.0594854,-22.668894
14302,2,8.617698,33.679176
14304,2,27.88765,2.441631
14306,2,19.806993,21.075632
14319,2,19.150505,22.804153
14322,6,26.260725,-18.671238
14325,3,-2.3294375,-5.814537
14327,3,4.5147595,-5.8692393
14328,2,18.443062,17.21369
14329,2,20.219479,30.721798
14334,3,-4.1709747,0.80188924
14335,6,9.108286,-12.457832
14340,3,3.5387483,25.169962
14341,6,27.489344,-3.1747167
14342,2,18.43748,30.658522
14346,3,2.3178718,13.7638445
14351,3,18.226034,5.3997154
14357,0,1.2853175,52.2426
14359,2,7.7451863,30.670397
14360,3,3.8631094,25.372307
14365,0,2.3147702,49.6637
14367,3,17.084843,6.3491015
14372,3,2.6872666,-19.635769
14377,3,4.66353,-35.578262
14402,3,7.697624,-11.879947
14403,1,-11.95637,-43.648952
14406,2,9.465434,28.9617
14410,6,36.621346,-20.105213
14411,3,0.6070372,4.9409842
14416,3,1.8345588,-21.539429
14417,3,-1.5174869,-22.357033
14418,2,18.90204,17.337612
14422,2,18.679144,33.686115
14424,6,35.32575,-13.113453
14430,2,2.6456554,34.899307
14437,1,-13.95003,-35.26675
14439,3,7.5333643,-12.2950115
14441,2,9.450382,31.83251
14456,3,2.6753426,8.04904
14457,1,-12.636458,-22.882483
14476,0,1.6602211,51.01354
14480,0,1.6170244,50.859417
14500,2,22.651812,20.536886
14504,3,2.0286934,-8.752332
14507,2,12.398329,33.67447
14509,6,23.369843,-18.567215
14511,3,1.1417537,5.6559343
14512,2,23.727962,27.284664
14513,3,5.881466,26.550592
14525,3,-8.0252905,38.466362
14528,2,2.6981926,26.15304
14541,6,31.0087,-15.955856
14552,2,18.48019,34.506042
14560,3,4.1927114,-35.225323
14561,2,8.02098,34.191788
14569,3,-6.298211,1.1195078
14573,3,-6.297814,1.1199679
14581,2,9.045992,31.013573
14582,3,2.365896,5.7528715
14585,3,-9.031257,41.768417
14594,2,8.08961,22.1153
14596,3,5.5920863,-34.239212
14606,3,10.319757,-1.580101
14613,6,34.46031,-17.841797
14616,4,48.79805,19.466152
14618,3,11.011985,-2.022329
14620,3,4.068525,-13.457664
14623,2,21.079939,22.733206
14624,2,21.062946,16.943779
14627,2,11.102521,34.296375
14631,2,21.241837,20.537512
14636,2,15.869147,22.10473
14647,3,17.688055,6.652955
14655,6,25.390089,3.873736
14656,3,15.925504,5.1723795
14671,3,6.213429,-5.1180367
14678,3,15.850839,5.432355
14682,0,2.4130661,48.946896
14685,3,-8.660179,39.85098
14689,3,6.005104,34.75282
14691,2,22.487574,27.68256
14693,3,3.7465746,13.611345
14694,1,-9.462719,-30.498652
14703,3,3.592578,24.606888
14709,2,15.241845,20.519531
14710,0,3.2080579,50.11642
14712,6,24.81516,-17.830564
14720,3,-0.20152305,-7.6639647
14725,2,16.119917,33.01936
14730,3,4.7957773,-34.665203
14735,3,6.346894,28.61164
14739,2,22.301687,25.816954
14740,2,19.904985,21.208408
14752,6,24.81497,-6.029777
14756,2,17.621174,22.43055
14763,4,54.876965,16.2432
14764,3,12.773301,-2.5963926
14767,3,-7.598666,38.799526
14770,6,26.164227,-25.256962
14772,6,34.74428,-20.98941
14779,2,8.513366,33.1286
14782,1,-7.751596,-37.14977
14784,2,16.638523,17.986294
14795,3,10.468723,-1.4786673
14796,3,-10.07406,40.527718
14799,2,7.305719,28.35909
14800,2,21.180122,17.513617
14801,3,-8.575712,-13.25601
14803,2,18.300085,30.514206
14816,2,21.954748,16.53652
14826,2,17.847456,32.61032
14839,2,8.013611,32.133633
14851,2,10.447974,32.155834
14867,3,9.756181,9.350288
14880,3,-1.2261896,-8.844841
14881,3,-1.2210107,-5.3569098
14884,2,10.824885,34.238728
14887,2,15.921538,20.57549
14889,1,-2.905314,-23.29913
14890,3,17.50921,6.5636935
14893,2,19.252378,24.616957
14902,6,37.847664,-25.582197
14918,2,7.455179,35.46981
14930,3,-7.8480663,40.577496
14933,3,-7.322147,37.99614
14942,3,13.3622465,-45.42215
14943,2,17.117386,32.761776
14949,6,38.77433,-28.093786
14950,3,3.5823548,13.681054
14957,3,7.3969584,-13.656791
14960,2,16.417738,17.357985
14965,3,-9.029825,-14.076554
14967,2,16.1471,30.59968
14971,2,14.8542185,20.930916
14974,3,3.7264562,-34.92686
14989,3,3.958168,-35.10425
14998,3,6.2470517,-4.925433
14999,1,-15.143467,-33.640305
15001,2,18.44374,33.714394
15003,3,11.562592,11.878826
15009,6,22.859425,-27.592976
15013,6,17.058964,-14.882018
15023,3,-1.4979093,-14.773496
15037,6,33.31912,-14.842313
15039,2,19.126726,22.798866
15043,3,3.710531,-33.840054
15047,6,26.102573,-20.732986
15048,3,-2.1250808,-5.974922
15051,2,8.573297,35.68543
15052,3,3.9168887,-13.3077545
15053,0,3.8280447,52.311573
15061,3,1.4209918,-21.227558
15068,0,1.968865,49.98487
15071,2,14.283008,19.443483
15074,6,33.04702,-28.857883
15085,6,38.80823,-18.202188
15086,2,16.875961,22.534935
15091,0,3.7862828,50.48362
15093,1,-9.409146,-45.855442
15108,2,22.65405,21.845123
15120,2,10.921772,33.0882
15122,2,18.660755,33.029667
15129,6,33.25842,-6.781141
15135,3,8.851223,20.49558
15139,2,15.511638,20.942968
15140,2,13.80023,21.174822
15141,1,-9.632566,-38.327423
15144,3,10.920449,-1.9027071
15154,3,-6.870359,-13.528928
15155,3,-8.084065,36.91217
15165,6,26.571012,-26.759834
15167,0,2.6725237,48.98443
15168,2,17.91896,31.874226
15169,1,-15.342214,-26.41687
15170,6,32.119747,-23.56735
15174,3,16.353182,6.642844
15176,3,-3.6483877,3.958511
15181,2,8.695237,35.640785
15183,3,1.5809903,-19.723627
15187,6,29.188524,-23.818233
15195,3,-9.773499,37.71454
15197,3,3.2028556,45.88574
15201,2,7.9165897,31.739246
15203,1,-19.667707,-33.743168
15207,3,3.292857,4.71467
15223,5,-2.7084038,14.490188
15226,2,9.153187,20.78571
15229,3,2.2967231,-8.736404
15235,3,2.6369717,-19.255844
15239,2,17.79501,33.43829
15246,2,12.346012,35.070526
15248,6,23.699696,-9.171704
15249,2,22.547535,24.104816
15251,3,12.782917,-45.195873
15263,3,2.8304317,-35.34051
15275,2,14.122523,18.874441
15279,2,10.047079,32.757656
15281,3,-0.7658937,-9.889475
15284,6,34.21029,-16.268993
15288,2,18.976738,19.455202
15290,2,23.949327,21.056137
15292,2,8.726332,32.652782
15293,3,7.3575077,-10.961957
15296,3,-7.8443875,40.19264
15300,2,8.865006,35.168953
15318,2,21.381777,22.28555
15325,3,3.8702486,-35.550655
15330,2,8.761641,32.617455
15342,3,6.7650046,25.491701
15350,3,-10.304479,41.213722
15358,3,9.420371,5.8232617
15360,3,4.5139847,-14.274132
15365,2,8.509044,21.31498
15368,3,-2.266072,-23.212803
15374,2,8.837612,33.942028
15377,2,16.89083,30.078398
15380,3,-2.568955,3.012179
15381,2,12.046778,32.147232
15387,2,9.28183,33.533348
15388,2,19.216507,31.721827
15408,6,19.300064,-8.130926
15415,3,-4.855689,0.3713268
15419,0,5.080791,51.027187
15420,2,17.708342,32.999313
15422,2,8.869055,35.35658
15430,3,2.876254,-21.574533
15436,2,21.89943,16.012325
15437,6,8.362674,-12.512464
15444,2,20.38182,19.612265
15445,2,10.507807,32.46527
15453,2,10.309121,29.502705
15467,3,1.4123206,-22.07275
15473,3,11.273213,0.73372275
15478,3,12.58389,-1.6732633
15479,2,18.311245,22.43938
15480,3,-8.25821,38.86411
15486,2,16.449846,19.747927
15489,3,2.713841,-20.267254
15500,0,3.1913786,51.21184
15505,0,2.6045802,51.574043
15520,2,23.107256,15.251095
15522,3,-10.229339,38.760998
15523,2,21.768139,21.786415
15525,2,15.463394,28.166082
15533,2,21.61817,21.726273
15536,3,3.79265,25.384937
15544,2,18.101917,32.428604
15552,3,8.029082,22.41106
15559,2,18.03127,32.848347
15560,3,17.922909,6.7612724
15569,6,13.084106,-3.8809667
15570,0,4.40959,51.6301
15578,3,12.92988,-0.19682287
15584,2,11.597231,32.41702
15602,3,2.0562398,2.273067
15605,1,-3.0785751,-23.36103
15609,3,1.8082056,48.06318
15611,1,-8.602378,-42.96459
15615,2,9.221731,29.770388
15624,3,-0.84203494,-7.7014337
15625,3,-7.9455695,41.261692
15628,0,1.2852684,49.62465
15633,3,0.14256959,25.421574
15640,3,4.3139787,-34.839546
15645,3,17.815554,5.427028
15651,3,2.015559,-21.344337
15653,2,16.1459,20.094887
15656,0,3.0515387,51.560925
15668,0,2.2729332,51.87742
15672,6,26.584057,-22.725191
15679,3,2.8817096,25.359716
15681,4,51.124302,17.002098
15682,3,1.0543692,-21.49437
15685,2,20.382412,20.520658
15689,6,33.73,-18.663004
15694,3,4.118035,-35.55605
15703,6,23.548542,-25.235594
15704,0,2.0554917,51.96027
15709,3,3.827566,13.490259
15711,2,23.293016,16.78086
15714,2,8.621692,30.714836
15720,3,10.3083315,10.676399
15724,2,9.760598,30.725471
15732,2,7.284348,29.425222
15733,6,36.839615,-26.974783
15736,1,-10.5702,-38.118378
15737,3,4.2142477,5.8229303
15743,2,9.890596,30.16658
15755,3,-3.524319,-21.749998
15770,0,5.693159,50.752228
15772,3,15.103496,4.358765
15773,3,1.8530276,14.435181
15775,3,1.785377,-20.10822
15776,3,2.8984623,8.13537
15778,3,2.6671426,24.734264
15780,3,5.1599917,5.9351344
15785,3,5.475102,-4.5300636
15788,6,35.587547,-17.51487
15795,2,28.13957,3.6461549
15804,3,6.8071423,-11.257614
15808,3,0.941067,25.339115
15814,3,-6.2066708,-13.378196
15817,3,-7.5983076,41.860203
15823,3,4.063827,5.7622547
15826,4,43.097248,8.883247
15829,6,25.418884,-18.444756
15830,2,23.523582,16.669876
15840,3,11.476859,-1.6759342
15841,2,20.606422,18.007643
15842,2,25.101532,14.867548
15856,2,9.649342,29.93143
15862,1,-7.92942,-35.37961
15867,2,3.9944768,47.166843
15869,3,-9.269805,41.286045
15874,2,9.252008,20.652082
15875,2,21.432068,21.60551
15886,3,-8.761532,41.769035
15894,0,2.9950209,48.21348
15903,2,18.398235,17.259975
15905,1,-12.896564,-25.18659
15907,4,49.64358,18.947031
15912,2,22.369503,25.825058
15913,6,35.537132,-10.936889
15918,0,2.2359881,51.40289
15927,6,21.356668,-22.511238
15934,1,-25.021719,-32.317673
15935,4,49.78326,6.461006
15958,3,11.559949,-1.7207174
15973,2,15.458166,20.91801
15976,3,4.812964,5.8281245
15981,3,-4.685468,-11.514344
15984,1,-24.215616,-28.130163
16010,2,15.604892,18.54977
16011,3,8.581021,-13.350985
16014,3,-2.74621,3.6974227
16016,2,24.169527,15.066132
16020,3,6.5443234,-12.82503
16022,2,15.531881,27.811182
16023,6,30.7047,-19.177551
16024,6,39.495407,-25.25729
16028,2,24.943825,15.166753
16032,3,17.817585,5.7676477
16036,6,36.64177,-30.644278
16041,3,17.742107,6.8266907
16048,1,-1.5563736,-31.883287
16060,0,2.7703958,51.09741
16061,3,3.2987998,45.446056
16068,2,19.105803,15.956205
16070,2,21.606493,27.434147
16073,3,-7.9047065,35.944202
16077,3,-9.170862,41.933567
